src_key,dst_key,match_type
10889092,chen2022wavlm,arxiv
10889092,fma_dataset,arxiv
10889092,gemmeke2017audio,paperId
10889092,huang2023dynamic,arxiv
10889092,qwen_audio,arxiv
10889092,radford2023robust,arxiv
10889092,salmonn,arxiv
10889092,touvron2023llama,arxiv
1360861705599880960,7178964,paperId
1360861705599880960,ardila2019common,arxiv
1360861705599880960,baevski2020wav2vec,arxiv
1360861705599880960,chen2022wavlm,arxiv
1360861705599880960,hsu2021hubert,arxiv
Ahn2024HILCodecHA,Kleijn2018wavenet,arxiv
Ahn2024HILCodecHA,bogdanov2019mtg,paperId
Ahn2024HILCodecHA,defossez2022high,arxiv
Ahn2024HILCodecHA,dietz2015overview,paperId
Ahn2024HILCodecHA,du2023funcodec,arxiv
Ahn2024HILCodecHA,kankanahalli2018end,arxiv
Ahn2024HILCodecHA,kong2020hifigan,arxiv
Ahn2024HILCodecHA,kumar2023high,arxiv
Ahn2024HILCodecHA,oord2016wavenet,arxiv
Ahn2024HILCodecHA,painter2000perceptual,paperId
Ahn2024HILCodecHA,prenger2018waveglow,arxiv
Ahn2024HILCodecHA,valin2019lpcnet,paperId
Ahn2024HILCodecHA,vqvae2017,arxiv
Ahn2024HILCodecHA,wu2023audiodec,arxiv
Ahn2024HILCodecHA,yamagishi2019cstr,paperId
Ahn2024HILCodecHA,yang2023hifi,arxiv
Ahn2024HILCodecHA,zeghidour2021soundstream,arxiv
DevlinCLT19,transformer,arxiv
GoodBengCour16,oord2016wavenet,arxiv
GoodBengCour16,srivastava2014dropout,paperId
Guo2024AddressingIC,defossez2022high,arxiv
Guo2024AddressingIC,garbacea2019low,arxiv
Guo2024AddressingIC,gpt,arxiv
Guo2024AddressingIC,hassid2023textually,arxiv
Guo2024AddressingIC,hsu2021hubert,arxiv
Guo2024AddressingIC,huang2023repcodec,paperId
Guo2024AddressingIC,kuan2023towards,arxiv
Guo2024AddressingIC,mentzer2023finite,arxiv
Guo2024AddressingIC,touvron2023llama,arxiv
Guo2024AddressingIC,vqvae2017,arxiv
Guo2024AddressingIC,wang2023lmvc,arxiv
Guo2024AddressingIC,wang2023neural,arxiv
Guo2024AddressingIC,wu2023speechgen,arxiv
Guo2024AddressingIC,zhang2023speechtokenizer,arxiv
Guo2024LSCodecLA,Wu2024TS3CodecTS,arxiv
Guo2024LSCodecLA,baevski2020wav2vec,arxiv
Guo2024LSCodecLA,chen2022wavlm,arxiv
Guo2024LSCodecLA,defossez2022high,arxiv
Guo2024LSCodecLA,gulati_conformer,arxiv
Guo2024LSCodecLA,guo2025recent,arxiv
Guo2024LSCodecLA,hsu2021hubert,arxiv
Guo2024LSCodecLA,ji2024wavtokenizer,arxiv
Guo2024LSCodecLA,jiang2023disentangled,arxiv
Guo2024LSCodecLA,ju2024naturalspeech,arxiv
Guo2024LSCodecLA,kong2020hifigan,arxiv
Guo2024LSCodecLA,kumar2023high,arxiv
Guo2024LSCodecLA,li2024single,arxiv
Guo2024LSCodecLA,liu2024semanticodec,arxiv
Guo2024LSCodecLA,mousavi2024dasb,arxiv
Guo2024LSCodecLA,parker2024scaling,arxiv
Guo2024LSCodecLA,ren2024ticodec,arxiv
Guo2024LSCodecLA,shi2024mmm,arxiv
Guo2024LSCodecLA,siuzdak2023vocos,arxiv
Guo2024LSCodecLA,snyder2018x,paperId
Guo2024LSCodecLA,vqvae2017,arxiv
Guo2024LSCodecLA,wang2023neural,arxiv
Guo2024LSCodecLA,yang2021superb,arxiv
Guo2024LSCodecLA,yang2023towards,arxiv
Guo2024LSCodecLA,yang2023uniaudio,paperId
Guo2024LSCodecLA,yang2024uniaudio,paperId
Guo2024LSCodecLA,zen2019libritts,paperId
JMLR:v24:22-1144,devlin2019bert,arxiv
JMLR:v24:22-1144,gpt,arxiv
JMLR:v24:22-1144,mostafazadeh2016corpus,paperId
JMLR:v24:22-1144,raffel2020exploring,arxiv
JMLR:v24:22-1144,transformer,arxiv
Jang2016Gumbel,maddison2016concrete,arxiv
Ji2024LanguageCodecRT,7178964,paperId
Ji2024LanguageCodecRT,Ahn2024HILCodecHA,arxiv
Ji2024LanguageCodecRT,ardila2019common,arxiv
Ji2024LanguageCodecRT,chen2022wavlm,arxiv
Ji2024LanguageCodecRT,dietz2015overview,paperId
Ji2024LanguageCodecRT,du2023funcodec,arxiv
Ji2024LanguageCodecRT,gpt,arxiv
Ji2024LanguageCodecRT,hsu2021hubert,arxiv
Ji2024LanguageCodecRT,kharitonov2023speak,arxiv
Ji2024LanguageCodecRT,kong2020hifigan,arxiv
Ji2024LanguageCodecRT,kumar2023high,arxiv
Ji2024LanguageCodecRT,liu2024semanticodec,arxiv
Ji2024LanguageCodecRT,siuzdak2023vocos,arxiv
Ji2024LanguageCodecRT,valin2012definition,paperId
Ji2024LanguageCodecRT,wang2023neural,arxiv
Ji2024LanguageCodecRT,yang2023hifi,arxiv
Ji2024LanguageCodecRT,zeghidour2021soundstream,arxiv
Ji2024LanguageCodecRT,zen2019libritts,paperId
Jiang2022EndtoEndNS,Kleijn2018wavenet,arxiv
Jiang2022EndtoEndNS,LuoY2019conv-tasnet,arxiv
Jiang2022EndtoEndNS,garbacea2019low,arxiv
Jiang2022EndtoEndNS,valin2019lpcnet,paperId
Jiang2022EndtoEndNS,vqvae2017,arxiv
Jiang2022EndtoEndNS,zeghidour2021soundstream,arxiv
Jiang2024MDCTCodecAL,ai2024apcodec,arxiv
Jiang2024MDCTCodecAL,ardila2019common,arxiv
Jiang2024MDCTCodecAL,borsos2023audiolm,arxiv
Jiang2024MDCTCodecAL,defossez2022high,arxiv
Jiang2024MDCTCodecAL,dietz2015overview,paperId
Jiang2024MDCTCodecAL,fonseca2021fsd50k,arxiv
Jiang2024MDCTCodecAL,kim2021conditional,arxiv
Jiang2024MDCTCodecAL,kong2020hifigan,arxiv
Jiang2024MDCTCodecAL,kumar2023high,arxiv
Jiang2024MDCTCodecAL,o1988linear,paperId
Jiang2024MDCTCodecAL,schroeder1985code,paperId
Jiang2024MDCTCodecAL,siuzdak2023vocos,arxiv
Jiang2024MDCTCodecAL,valin2019lpcnet,paperId
Jiang2024MDCTCodecAL,wang2022opencpop,arxiv
Jiang2024MDCTCodecAL,wang2023neural,arxiv
Jiang2024MDCTCodecAL,wu2023audiodec,arxiv
Jiang2024MDCTCodecAL,yang2023hifi,arxiv
Jiang2024MDCTCodecAL,zeghidour2021soundstream,arxiv
Jiang2024MDCTCodecAL,zhang2023speechtokenizer,arxiv
Kavalerov2019UniversalSS,LuoY2019conv-tasnet,arxiv
Kavalerov2019UniversalSS,hershey2016deep,arxiv
Kavalerov2019UniversalSS,kolbaek2017multitalker,paperId
Kavalerov2019UniversalSS,le2019sdr,arxiv
Kleijn2018wavenet,atal1970speech,paperId
Kleijn2018wavenet,oord2016wavenet,arxiv
LuoY2019conv-tasnet,hershey2016deep,arxiv
LuoY2019conv-tasnet,kolbaek2017multitalker,paperId
LuoY2019conv-tasnet,oord2016wavenet,arxiv
LuoY2019conv-tasnet,vincent2006bss,paperId
Pan2024PSCodecAS,1360861705599880960,arxiv
Pan2024PSCodecAS,ai2024apcodec,arxiv
Pan2024PSCodecAS,borsos2023audiolm,arxiv
Pan2024PSCodecAS,defossez2022high,arxiv
Pan2024PSCodecAS,dietz2015overview,paperId
Pan2024PSCodecAS,du2023funcodec,arxiv
Pan2024PSCodecAS,garbacea2019low,arxiv
Pan2024PSCodecAS,ho2020denoising,arxiv
Pan2024PSCodecAS,jiang2023disentangled,arxiv
Pan2024PSCodecAS,ju2024naturalspeech,arxiv
Pan2024PSCodecAS,kong2020hifigan,arxiv
Pan2024PSCodecAS,kumar2023high,arxiv
Pan2024PSCodecAS,li2024single,arxiv
Pan2024PSCodecAS,oord2016wavenet,arxiv
Pan2024PSCodecAS,ren2024ticodec,arxiv
Pan2024PSCodecAS,rombach2022high,arxiv
Pan2024PSCodecAS,san2023discrete,arxiv
Pan2024PSCodecAS,transformer,arxiv
Pan2024PSCodecAS,vqvae2017,arxiv
Pan2024PSCodecAS,wang2023lmvc,arxiv
Pan2024PSCodecAS,wang2023neural,arxiv
Pan2024PSCodecAS,wu2023audiodec,arxiv
Pan2024PSCodecAS,xue24lowlatency,arxiv
Pan2024PSCodecAS,yang2023hifi,arxiv
Pan2024PSCodecAS,yang2024generative,arxiv
Pan2024PSCodecAS,zeghidour2021soundstream,arxiv
Pan2024PSCodecAS,zen2019libritts,paperId
Saijo2024_TFLoco,7178964,paperId
Saijo2024_TFLoco,LuoY2019conv-tasnet,arxiv
Saijo2024_TFLoco,cosentino2020librimix,arxiv
Saijo2024_TFLoco,gulati_conformer,arxiv
Saijo2024_TFLoco,hershey2016deep,arxiv
Saijo2024_TFLoco,le2019sdr,arxiv
Saijo2024_TFLoco,radford2023robust,arxiv
Saijo2024_TFLoco,transformer,arxiv
Saijo2024_TFLoco,vincent2006bss,paperId
Wu2024TS3CodecTS,1360861705599880960,arxiv
Wu2024TS3CodecTS,7178964,paperId
Wu2024TS3CodecTS,borsos2023audiolm,arxiv
Wu2024TS3CodecTS,chen2022wavlm,arxiv
Wu2024TS3CodecTS,copet2024musicgen,arxiv
Wu2024TS3CodecTS,defossez2022high,arxiv
Wu2024TS3CodecTS,defossez2024moshi,arxiv
Wu2024TS3CodecTS,goodfellow2020generative,paperId
Wu2024TS3CodecTS,hsu2021hubert,arxiv
Wu2024TS3CodecTS,ji2024wavtokenizer,arxiv
Wu2024TS3CodecTS,kong2020hifigan,arxiv
Wu2024TS3CodecTS,kumar2023high,arxiv
Wu2024TS3CodecTS,li2024single,arxiv
Wu2024TS3CodecTS,mentzer2023finite,arxiv
Wu2024TS3CodecTS,mousavi2024dasb,arxiv
Wu2024TS3CodecTS,nguyen2023generative,arxiv
Wu2024TS3CodecTS,ren2024ticodec,arxiv
Wu2024TS3CodecTS,shi2024espnet,arxiv
Wu2024TS3CodecTS,siuzdak2023vocos,arxiv
Wu2024TS3CodecTS,transformer,arxiv
Wu2024TS3CodecTS,vqvae2017,arxiv
Wu2024TS3CodecTS,wang2023neural,arxiv
Wu2024TS3CodecTS,wang2023speechx,arxiv
Wu2024TS3CodecTS,wu2023audiodec,arxiv
Wu2024TS3CodecTS,wu2024codec,arxiv
Wu2024TS3CodecTS,wu2024codecslt,arxiv
Wu2024TS3CodecTS,wu2024towards,arxiv
Wu2024TS3CodecTS,xin2024bigcodec,arxiv
Wu2024TS3CodecTS,zeghidour2021soundstream,arxiv
Ye2024CodecDM,1360861705599880960,arxiv
Ye2024CodecDM,7178964,paperId
Ye2024CodecDM,audiocaps,paperId
Ye2024CodecDM,baevski2020wav2vec,arxiv
Ye2024CodecDM,bastianelli2020slurp,arxiv
Ye2024CodecDM,borsos2023audiolm,arxiv
Ye2024CodecDM,esser2021taming,arxiv
Ye2024CodecDM,fma_dataset,arxiv
Ye2024CodecDM,fonseca2021fsd50k,arxiv
Ye2024CodecDM,gpt,arxiv
Ye2024CodecDM,hsu2021hubert,arxiv
Ye2024CodecDM,huang2023make,arxiv
Ye2024CodecDM,kong2020panns,arxiv
Ye2024CodecDM,kumar2023high,arxiv
Ye2024CodecDM,li2023mert,arxiv
Ye2024CodecDM,liu2023audioldm,paperId
Ye2024CodecDM,liu2024semanticodec,arxiv
Ye2024CodecDM,piczak2015esc,paperId
Ye2024CodecDM,vqvae2017,arxiv
Ye2024CodecDM,wang2023neural,arxiv
Ye2024CodecDM,wu2023large,arxiv
Ye2024CodecDM,wu2023speechgen,arxiv
Ye2024CodecDM,yang2023hifi,arxiv
Ye2024CodecDM,zeghidour2021soundstream,arxiv
Zhou2024WMCodecEN,defossez2022high,arxiv
Zhou2024WMCodecEN,ren2024ticodec,arxiv
Zhou2024WMCodecEN,yang2023hifi,arxiv
Zhou2024WMCodecEN,zeghidour2021soundstream,arxiv
Zhou2024WMCodecEN,zen2019libritts,paperId
abouelenin2025phi,ardila2019common,arxiv
abouelenin2025phi,geminiteam2023gemini,title_exact
abouelenin2025phi,grattafiori2024llama3herdmodels,arxiv
abouelenin2025phi,gulati_conformer,arxiv
abouelenin2025phi,qwen2025qwen25technicalreport,arxiv
abouelenin2025phi,radford2023robust,arxiv
abouelenin2025phi,transformer,arxiv
abouelenin2025phi,zeng2024glm,arxiv
agostinelli2023musiclm,audiocaps,paperId
agostinelli2023musiclm,borsos2023audiolm,arxiv
agostinelli2023musiclm,chung2021w2v,arxiv
agostinelli2023musiclm,devlin2019bert,arxiv
agostinelli2023musiclm,dhariwal2020jukebox,arxiv
agostinelli2023musiclm,esser2021taming,arxiv
agostinelli2023musiclm,fma_dataset,arxiv
agostinelli2023musiclm,gemmeke2017audio,paperId
agostinelli2023musiclm,gpt,arxiv
agostinelli2023musiclm,ho2020denoising,arxiv
agostinelli2023musiclm,kreuk2022audiogen,arxiv
agostinelli2023musiclm,oord2016wavenet,arxiv
agostinelli2023musiclm,raffel2020exploring,arxiv
agostinelli2023musiclm,rombach2022high,arxiv
agostinelli2023musiclm,transformer,arxiv
agostinelli2023musiclm,vqvae2017,arxiv
agostinelli2023musiclm,yang2023diffsound,arxiv
agostinelli2023musiclm,zeghidour2021soundstream,arxiv
ai2024apcodec,Kleijn2018wavenet,arxiv
ai2024apcodec,ardila2019common,arxiv
ai2024apcodec,borsos2023audiolm,arxiv
ai2024apcodec,defossez2022high,arxiv
ai2024apcodec,dietz2015overview,paperId
ai2024apcodec,fonseca2021fsd50k,arxiv
ai2024apcodec,garbacea2019low,arxiv
ai2024apcodec,huang2023repcodec,paperId
ai2024apcodec,kankanahalli2018end,arxiv
ai2024apcodec,kong2020hifigan,arxiv
ai2024apcodec,kumar2023high,arxiv
ai2024apcodec,o1988linear,paperId
ai2024apcodec,ren2024ticodec,arxiv
ai2024apcodec,valin2019real,arxiv
ai2024apcodec,vqvae2017,arxiv
ai2024apcodec,wang2022opencpop,arxiv
ai2024apcodec,wang2023neural,arxiv
ai2024apcodec,wu2023audiodec,arxiv
ai2024apcodec,yamagishi2019cstr,paperId
ai2024apcodec,yang2023hifi,arxiv
ai2024apcodec,zeghidour2021soundstream,arxiv
ai2024apcodec,zhang2023speechtokenizer,arxiv
arnault2020urban,gemmeke2017audio,paperId
arnault2020urban,kong2020panns,arxiv
arnault2020urban,piczak2015esc,paperId
arnault2020urban,transformer,arxiv
arora2025landscape,Wu2024TS3CodecTS,arxiv
arora2025landscape,abouelenin2025phi,arxiv
arora2025landscape,agostinelli2023musiclm,arxiv
arora2025landscape,baevski2020wav2vec,arxiv
arora2025landscape,borsos2023audiolm,arxiv
arora2025landscape,borsos2023soundstorm,arxiv
arora2025landscape,chang2024speechprompt,arxiv
arora2025landscape,chen-etal-2024-towards-robust,arxiv
arora2025landscape,chen2022wavlm,arxiv
arora2025landscape,copet2024musicgen,arxiv
arora2025landscape,cuervo2024scalingpropertiesspeechlanguag,arxiv
arora2025landscape,cui2024recent,arxiv
arora2025landscape,defossez2022high,arxiv
arora2025landscape,defossez2024moshi,arxiv
arora2025landscape,devlin2019bert,arxiv
arora2025landscape,du2024cosyvoiceAS,arxiv
arora2025landscape,dunbar2021zero,arxiv
arora2025landscape,gpt,arxiv
arora2025landscape,grattafiori2024llama3herdmodels,arxiv
arora2025landscape,gu2021efficiently,arxiv
arora2025landscape,guo2025recent,arxiv
arora2025landscape,har2025past,arxiv
arora2025landscape,hassid2023textually,arxiv
arora2025landscape,hsu2021hubert,arxiv
arora2025landscape,huang2023dynamic,arxiv
arora2025landscape,huang2024dynamic,arxiv
arora2025landscape,ji2024wavchat,arxiv
arora2025landscape,kharitonov2022textfreeprosodyawaregenerativespoken,arxiv
arora2025landscape,kharitonov2023speak,arxiv
arora2025landscape,kong2020hifigan,arxiv
arora2025landscape,lakhotia2021generative,paperId
arora2025landscape,latif2023sparks,arxiv
arora2025landscape,lin2024alignslm,arxiv
arora2025landscape,liu2023pre,arxiv
arora2025landscape,maimon2023speaking,arxiv
arora2025landscape,maimon2024suite,arxiv
arora2025landscape,maimon2025slamming,arxiv
arora2025landscape,messica2024nast,arxiv
arora2025landscape,mostafazadeh2016corpus,paperId
arora2025landscape,mousavi2024,paperId
arora2025landscape,mousavi2024dasb,arxiv
arora2025landscape,nguyen2023generative,arxiv
arora2025landscape,nguyen2024spiritlminterleavedspokenwritten,paperId
arora2025landscape,park2024long,arxiv
arora2025landscape,pasad2023comparative,arxiv
arora2025landscape,peng2024survey,arxiv
arora2025landscape,polyak2021speech,arxiv
arora2025landscape,qwen_audio,arxiv
arora2025landscape,radford2023robust,arxiv
arora2025landscape,salmonn,arxiv
arora2025landscape,shi2024espnet,arxiv
arora2025landscape,sicherman2023analysing,arxiv
arora2025landscape,siuzdak2024snac,arxiv
arora2025landscape,tacotron2,arxiv
arora2025landscape,tian2025espnet,paperId
arora2025landscape,touvron2023llama,arxiv
arora2025landscape,turetzky2024last,arxiv
arora2025landscape,vqvae2017,arxiv
arora2025landscape,wang2023neural,arxiv
arora2025landscape,wu2024codec,arxiv
arora2025landscape,wu2024codecfake,arxiv
arora2025landscape,wu2024codecslt,arxiv
arora2025landscape,wu2024towards,arxiv
arora2025landscape,xin2024bigcodec,arxiv
arora2025landscape,yang2023uniaudio,paperId
arora2025landscape,yosha2025stresstest,arxiv
arora2025landscape,zeghidour2021soundstream,arxiv
arora2025landscape,zeng2024glm,arxiv
arora2025landscape,zengscaling,arxiv
arora2025landscape,zhan2024anygpt,arxiv
arora2025landscape,zhang2023googleusm,arxiv
arora2025landscape,zhang2023speechgpt,arxiv
audiocaps,7178964,paperId
audiocaps,gemmeke2017audio,paperId
audiocaps,hershey2016deep,arxiv
audiocaps,ljspeech17,title_exact
audiocaps,nagrani2017voxceleb,arxiv
audiocaps,piczak2015esc,paperId
audiocaps,srivastava2014dropout,paperId
audiocaps,warden2017speech,arxiv
baevski2020wav2vec,7178964,paperId
baevski2020wav2vec,Jang2016Gumbel,arxiv
baevski2020wav2vec,devlin2019bert,arxiv
baevski2020wav2vec,gulati_conformer,arxiv
baevski2020wav2vec,han2020contextnet,arxiv
baevski2020wav2vec,transformer,arxiv
baevski2020wav2vec,vqvae2017,arxiv
bai2024dmel,7178964,paperId
bai2024dmel,baevski2020wav2vec,arxiv
bai2024dmel,bogdanov2019mtg,paperId
bai2024dmel,borsos2023audiolm,arxiv
bai2024dmel,defossez2022high,arxiv
bai2024dmel,defossez2024moshi,arxiv
bai2024dmel,espnet,arxiv
bai2024dmel,gpt,arxiv
bai2024dmel,gulati_conformer,arxiv
bai2024dmel,hsu2021hubert,arxiv
bai2024dmel,kim2021conditional,arxiv
bai2024dmel,kong2020hifigan,arxiv
bai2024dmel,lakhotia2021generative,paperId
bai2024dmel,langman2024spectral,arxiv
bai2024dmel,mentzer2023finite,arxiv
bai2024dmel,mousavi2024dasb,arxiv
bai2024dmel,radford2023robust,arxiv
bai2024dmel,raffel2020exploring,arxiv
bai2024dmel,ren2020fastspeech,arxiv
bai2024dmel,rubenstein2023audiopalm,arxiv
bai2024dmel,tacotron2,arxiv
bai2024dmel,wang2023neural,arxiv
bai2024dmel,wang2023viola,arxiv
bai2024dmel,yamagishi2019cstr,paperId
bai2024dmel,zeghidour2021soundstream,arxiv
bai2024dmel,zen2019libritts,paperId
bai2024dmel,zhang2023speechgpt,arxiv
bai2024dmel,zhang2023speechtokenizer,arxiv
bastianelli2020slurp,7178964,paperId
bastianelli2020slurp,ardila2019common,arxiv
bie2024learning,LuoY2019conv-tasnet,arxiv
bie2024learning,bogdanov2019mtg,paperId
bie2024learning,borsos2023audiolm,arxiv
bie2024learning,defossez2022high,arxiv
bie2024learning,dhariwal2020jukebox,arxiv
bie2024learning,dietz2015overview,paperId
bie2024learning,dubey2024icassp,arxiv
bie2024learning,garbacea2019low,arxiv
bie2024learning,ju2024naturalspeech,arxiv
bie2024learning,kankanahalli2018end,arxiv
bie2024learning,kreuk2022audiogen,arxiv
bie2024learning,kumar2023high,arxiv
bie2024learning,lakhotia2021generative,paperId
bie2024learning,le2019sdr,arxiv
bie2024learning,omran2023disentangling,arxiv
bie2024learning,polyak2021speech,arxiv
bie2024learning,san2023discrete,arxiv
bie2024learning,valin2012definition,paperId
bie2024learning,vqvae2017,arxiv
bie2024learning,wichern2019wham,arxiv
bie2024learning,yang2021source,arxiv
bie2024learning,yang2024generative,arxiv
bie2024learning,zeghidour2021soundstream,arxiv
borsos2023audiolm,7178964,paperId
borsos2023audiolm,JMLR:v24:22-1144,arxiv
borsos2023audiolm,baevski2020wav2vec,arxiv
borsos2023audiolm,chung2021w2v,arxiv
borsos2023audiolm,devlin2019bert,arxiv
borsos2023audiolm,dhariwal2020jukebox,arxiv
borsos2023audiolm,dunbar2021zero,arxiv
borsos2023audiolm,esser2021taming,arxiv
borsos2023audiolm,gpt,arxiv
borsos2023audiolm,gulati_conformer,arxiv
borsos2023audiolm,hsu2021hubert,arxiv
borsos2023audiolm,kankanahalli2018end,arxiv
borsos2023audiolm,kharitonov2022textfreeprosodyawaregenerativespoken,arxiv
borsos2023audiolm,kong2020hifigan,arxiv
borsos2023audiolm,lakhotia2021generative,paperId
borsos2023audiolm,oord2016wavenet,arxiv
borsos2023audiolm,petermann2021harp,arxiv
borsos2023audiolm,raffel2020exploring,arxiv
borsos2023audiolm,transformer,arxiv
borsos2023audiolm,vqvae2017,arxiv
borsos2023audiolm,zeghidour2021soundstream,arxiv
borsos2023soundstorm,7178964,paperId
borsos2023soundstorm,baevski2020wav2vec,arxiv
borsos2023soundstorm,borsos2023audiolm,arxiv
borsos2023soundstorm,chen2022wavlm,arxiv
borsos2023soundstorm,chiu2022bestrq,arxiv
borsos2023soundstorm,chung2021w2v,arxiv
borsos2023soundstorm,defossez2022high,arxiv
borsos2023soundstorm,gulati_conformer,arxiv
borsos2023soundstorm,hsu2021hubert,arxiv
borsos2023soundstorm,kharitonov2023speak,arxiv
borsos2023soundstorm,kreuk2022audiogen,arxiv
borsos2023soundstorm,lakhotia2021generative,paperId
borsos2023soundstorm,transformer,arxiv
borsos2023soundstorm,wang2023neural,arxiv
borsos2023soundstorm,zeghidour2021soundstream,arxiv
casanova2024lfsc,ai2024apcodec,arxiv
casanova2024lfsc,ardila2019common,arxiv
casanova2024lfsc,borsos2023audiolm,arxiv
casanova2024lfsc,chen2022wavlm,arxiv
casanova2024lfsc,copet2024musicgen,arxiv
casanova2024lfsc,defossez2022high,arxiv
casanova2024lfsc,garbacea2019low,arxiv
casanova2024lfsc,ji2024wavtokenizer,arxiv
casanova2024lfsc,kankanahalli2018end,arxiv
casanova2024lfsc,kong2020hifigan,arxiv
casanova2024lfsc,kumar2023high,arxiv
casanova2024lfsc,le2019sdr,arxiv
casanova2024lfsc,radford2023robust,arxiv
casanova2024lfsc,ren2024ticodec,arxiv
casanova2024lfsc,vqvae2017,arxiv
casanova2024lfsc,wang2023neural,arxiv
casanova2024lfsc,yang2023hifi,arxiv
casanova2024lfsc,zeghidour2021soundstream,arxiv
casanova2024lfsc,zen2019libritts,paperId
casanova2024lfsc,zhang2023speechtokenizer,arxiv
chang2022speechprompt,7178964,paperId
chang2022speechprompt,baevski2020wav2vec,arxiv
chang2022speechprompt,chen2022wavlm,arxiv
chang2022speechprompt,hsu2021hubert,arxiv
chang2022speechprompt,lakhotia2021generative,paperId
chang2022speechprompt,lester2021power,arxiv
chang2022speechprompt,liu2023gpt,arxiv
chang2022speechprompt,liu2023pre,arxiv
chang2022speechprompt,raffel2020exploring,arxiv
chang2022speechprompt,transformer,arxiv
chang2022speechprompt,warden2017speech,arxiv
chang2022speechprompt,yang2021superb,arxiv
chang2023exploration,7178964,paperId
chang2023exploration,baevski2020wav2vec,arxiv
chang2023exploration,chen2022wavlm,arxiv
chang2023exploration,defossez2022high,arxiv
chang2023exploration,devlin2019bert,arxiv
chang2023exploration,espnet,arxiv
chang2023exploration,gulati_conformer,arxiv
chang2023exploration,hayashi2020discretalk,arxiv
chang2023exploration,hsu2021hubert,arxiv
chang2023exploration,transformer,arxiv
chang2023exploration,vqvae2017,arxiv
chang2023exploration,wang2023neural,arxiv
chang2023exploration,yang2021superb,arxiv
chang2023exploration,zeghidour2021soundstream,arxiv
chang2023exploring,7178964,paperId
chang2023exploring,ardila2019common,arxiv
chang2023exploring,baevski2020wav2vec,arxiv
chang2023exploring,bastianelli2020slurp,arxiv
chang2023exploring,borsos2023audiolm,arxiv
chang2023exploring,chang2023exploration,arxiv
chang2023exploring,chen2022wavlm,arxiv
chang2023exploring,defossez2022high,arxiv
chang2023exploring,espnet,arxiv
chang2023exploring,gulati_conformer,arxiv
chang2023exploring,hayashi2020discretalk,arxiv
chang2023exploring,hsu2021hubert,arxiv
chang2023exploring,pasad2023comparative,arxiv
chang2023exploring,radford2023robust,arxiv
chang2023exploring,rubenstein2023audiopalm,arxiv
chang2023exploring,shi2021discretization,arxiv
chang2023exploring,transformer,arxiv
chang2023exploring,vqvae2017,arxiv
chang2023exploring,wang2023neural,arxiv
chang2023exploring,yan2023espnet,arxiv
chang2023exploring,zeghidour2021soundstream,arxiv
chang2023exploring,zhang2023dub,arxiv
chang2023speechprompt,busso2008iemocap,paperId
chang2023speechprompt,chang2022speechprompt,arxiv
chang2023speechprompt,hsu2021hubert,arxiv
chang2023speechprompt,kharitonov2022textfreeprosodyawaregenerativespoken,arxiv
chang2023speechprompt,lakhotia2021generative,paperId
chang2023speechprompt,liu2023pre,arxiv
chang2023speechprompt,nagrani2017voxceleb,arxiv
chang2023speechprompt,piczak2015esc,paperId
chang2023speechprompt,warden2017speech,arxiv
chang2024speechprompt,7178964,paperId
chang2024speechprompt,baevski2020wav2vec,arxiv
chang2024speechprompt,borsos2023audiolm,arxiv
chang2024speechprompt,chang2023exploration,arxiv
chang2024speechprompt,chang2023exploring,arxiv
chang2024speechprompt,chiu2022bestrq,arxiv
chang2024speechprompt,hassid2023textually,arxiv
chang2024speechprompt,hsu2021hubert,arxiv
chang2024speechprompt,huang2023dynamic,arxiv
chang2024speechprompt,kharitonov2022textfreeprosodyawaregenerativespoken,arxiv
chang2024speechprompt,kong2020hifigan,arxiv
chang2024speechprompt,lakhotia2021generative,paperId
chang2024speechprompt,lester2021power,arxiv
chang2024speechprompt,liu2023gpt,arxiv
chang2024speechprompt,liu2023pre,arxiv
chang2024speechprompt,ljspeech17,title_exact
chang2024speechprompt,polyak2021speech,arxiv
chang2024speechprompt,popuri2022enhanced,arxiv
chang2024speechprompt,radford2023robust,arxiv
chang2024speechprompt,raffel2020exploring,arxiv
chang2024speechprompt,salmonn,arxiv
chang2024speechprompt,tacotron2,arxiv
chang2024speechprompt,transformer,arxiv
chang2024speechprompt,warden2017speech,arxiv
chang2024speechprompt,wells2022phonetic,paperId
chang2024speechprompt,yang2021superb,arxiv
chang2024speechprompt,yang2023towards,arxiv
chen-etal-2024-towards-robust,7178964,paperId
chen-etal-2024-towards-robust,ardila2019common,arxiv
chen-etal-2024-towards-robust,baevski2020wav2vec,arxiv
chen-etal-2024-towards-robust,chen2022wavlm,arxiv
chen-etal-2024-towards-robust,chiu2022bestrq,arxiv
chen-etal-2024-towards-robust,chung2021w2v,arxiv
chen-etal-2024-towards-robust,espnet,arxiv
chen-etal-2024-towards-robust,gulati_conformer,arxiv
chen-etal-2024-towards-robust,hsu2021hubert,arxiv
chen-etal-2024-towards-robust,kong2020hifigan,arxiv
chen-etal-2024-towards-robust,polyak2021speech,arxiv
chen-etal-2024-towards-robust,radford2023robust,arxiv
chen-etal-2024-towards-robust,shi2021highland,paperId
chen-etal-2024-towards-robust,shi2021leveraging,paperId
chen-etal-2024-towards-robust,transformer,arxiv
chen-etal-2024-towards-robust,yang2021superb,arxiv
chen2022wavlm,7178964,paperId
chen2022wavlm,baevski2020wav2vec,arxiv
chen2022wavlm,chung2021w2v,arxiv
chen2022wavlm,desplanques2020ecapa,arxiv
chen2022wavlm,devlin2019bert,arxiv
chen2022wavlm,gulati_conformer,arxiv
chen2022wavlm,han2020contextnet,arxiv
chen2022wavlm,hsu2021hubert,arxiv
chen2022wavlm,nagrani2017voxceleb,arxiv
chen2022wavlm,raffel2020exploring,arxiv
chen2022wavlm,transformer,arxiv
chen2022wavlm,yang2021superb,arxiv
chen2023lauragpt,7178964,paperId
chen2023lauragpt,audiocaps,paperId
chen2023lauragpt,baevski2020wav2vec,arxiv
chen2023lauragpt,bastianelli2020slurp,arxiv
chen2023lauragpt,borsos2023audiolm,arxiv
chen2023lauragpt,busso2008iemocap,paperId
chen2023lauragpt,chen2022wavlm,arxiv
chen2023lauragpt,copet2024musicgen,arxiv
chen2023lauragpt,defossez2022high,arxiv
chen2023lauragpt,du2023funcodec,arxiv
chen2023lauragpt,fonseca2021fsd50k,arxiv
chen2023lauragpt,hsu2021hubert,arxiv
chen2023lauragpt,huang2023make,arxiv
chen2023lauragpt,kreuk2022audiogen,arxiv
chen2023lauragpt,liu2023audioldm,paperId
chen2023lauragpt,qwen_audio,arxiv
chen2023lauragpt,radford2023robust,arxiv
chen2023lauragpt,rubenstein2023audiopalm,arxiv
chen2023lauragpt,wang2023neural,arxiv
chen2023lauragpt,wang2023viola,arxiv
chen2023lauragpt,wu2023speechgen,arxiv
chen2023lauragpt,yang2023diffsound,arxiv
chen2023lauragpt,yang2023towards,arxiv
chen2023lauragpt,zeghidour2021soundstream,arxiv
chen2023lauragpt,zhang2023googleusm,arxiv
chen2023lauragpt,zhang2023speechgpt,arxiv
chen2024musicldm,agostinelli2023musiclm,arxiv
chen2024musicldm,copet2024musicgen,arxiv
chen2024musicldm,ho2020denoising,arxiv
chen2024musicldm,huang2023make,arxiv
chen2024musicldm,kong2020hifigan,arxiv
chen2024musicldm,kong2020panns,arxiv
chen2024musicldm,kreuk2022audiogen,arxiv
chen2024musicldm,liu2023audioldm,paperId
chen2024musicldm,piczak2015esc,paperId
chen2024musicldm,ren2020fastspeech,arxiv
chen2024musicldm,rombach2022high,arxiv
chen2024musicldm,transformer,arxiv
chen2024musicldm,tzanetakis2002musical,paperId
chen2024musicldm,wu2023large,arxiv
chen2024musicldm,yang2023diffsound,arxiv
chen2024video,evans2025stable,arxiv
chen2024video,garcia2023vampnet,arxiv
chen2024video,ho2020denoising,arxiv
chen2024video,jeong2024read,arxiv
chen2024video,koutini2021passt,arxiv
chen2024video,kumar2023high,arxiv
chen2024video,liu2024audioldm2,paperId
chen2024video,luo2023diff,arxiv
chen2024video,pascual2024masked,arxiv
chen2024video,raffel2020exploring,arxiv
chen2024video,rombach2022high,arxiv
chen2024video,sheffer2023hear,arxiv
chen2024video,wang2024v2a,arxiv
chen2024video,wu2023large,arxiv
chen2024video,zhang2024foleycrafter,arxiv
chen2025video,evans2025stable,arxiv
chen2025video,garcia2023vampnet,arxiv
chen2025video,ho2020denoising,arxiv
chen2025video,jeong2024read,arxiv
chen2025video,koutini2021passt,arxiv
chen2025video,kumar2023high,arxiv
chen2025video,liu2024audioldm2,paperId
chen2025video,luo2023diff,arxiv
chen2025video,pascual2024masked,arxiv
chen2025video,raffel2020exploring,arxiv
chen2025video,rombach2022high,arxiv
chen2025video,sheffer2023hear,arxiv
chen2025video,wang2024v2a,arxiv
chen2025video,wu2023large,arxiv
chen2025video,zhang2024foleycrafter,arxiv
chiu2022bestrq,baevski2020wav2vec,arxiv
chiu2022bestrq,chung2021w2v,arxiv
chiu2022bestrq,devlin2019bert,arxiv
chiu2022bestrq,gulati_conformer,arxiv
chiu2022bestrq,hsu2021hubert,arxiv
chiu2022bestrq,transformer,arxiv
choi2024selfsupervisedspeechrepresentationsphonetic,7178964,paperId
choi2024selfsupervisedspeechrepresentationsphonetic,ardila2019common,arxiv
choi2024selfsupervisedspeechrepresentationsphonetic,baevski2020wav2vec,arxiv
choi2024selfsupervisedspeechrepresentationsphonetic,borsos2023audiolm,arxiv
choi2024selfsupervisedspeechrepresentationsphonetic,chang2023exploring,arxiv
choi2024selfsupervisedspeechrepresentationsphonetic,chen2022wavlm,arxiv
choi2024selfsupervisedspeechrepresentationsphonetic,devlin2019bert,arxiv
choi2024selfsupervisedspeechrepresentationsphonetic,dunbar2021zero,arxiv
choi2024selfsupervisedspeechrepresentationsphonetic,hsu2021hubert,arxiv
choi2024selfsupervisedspeechrepresentationsphonetic,levenshtein,paperId
choi2024selfsupervisedspeechrepresentationsphonetic,mcauliffe2017montreal,paperId
choi2024selfsupervisedspeechrepresentationsphonetic,pasad2023comparative,arxiv
choi2024selfsupervisedspeechrepresentationsphonetic,wells2022phonetic,paperId
choi2024selfsupervisedspeechrepresentationsphonetic,yang2021superb,arxiv
chung2021w2v,7178964,paperId
chung2021w2v,baevski2020wav2vec,arxiv
chung2021w2v,devlin2019bert,arxiv
chung2021w2v,gulati_conformer,arxiv
chung2021w2v,hsu2021hubert,arxiv
chung2021w2v,transformer,arxiv
chung2025kad,audiocaps,paperId
chung2025kad,baevski2020wav2vec,arxiv
chung2025kad,chen2022wavlm,arxiv
chung2025kad,chen2025video,arxiv
chung2025kad,defossez2022high,arxiv
chung2025kad,dong2023clipsonic,arxiv
chung2025kad,evans2025stable,arxiv
chung2025kad,fadtk,arxiv
chung2025kad,hsu2021hubert,arxiv
chung2025kad,huang2023make,arxiv
chung2025kad,jeong2024read,arxiv
chung2025kad,kong2020panns,arxiv
chung2025kad,koutini2021passt,arxiv
chung2025kad,kreuk2022audiogen,arxiv
chung2025kad,kumar2023high,arxiv
chung2025kad,li2023mert,arxiv
chung2025kad,liu2023audioldm,paperId
chung2025kad,liu2024audioldm2,paperId
chung2025kad,pascual2024masked,arxiv
chung2025kad,radford2023robust,arxiv
chung2025kad,sheffer2023hear,arxiv
chung2025kad,shi2024versa,arxiv
chung2025kad,wang2024v2a,arxiv
chung2025kad,wu2023large,arxiv
copet2024musicgen,agostinelli2023musiclm,arxiv
copet2024musicgen,defossez2022high,arxiv
copet2024musicgen,dhariwal2020jukebox,arxiv
copet2024musicgen,huang2022mulan,arxiv
copet2024musicgen,huang2023make,arxiv
copet2024musicgen,kharitonov2022textfreeprosodyawaregenerativespoken,arxiv
copet2024musicgen,koutini2021passt,arxiv
copet2024musicgen,kreuk2022audiogen,arxiv
copet2024musicgen,kumar2023high,arxiv
copet2024musicgen,lakhotia2021generative,paperId
copet2024musicgen,liu2023audioldm,paperId
copet2024musicgen,raffel2020exploring,arxiv
copet2024musicgen,rombach2022high,arxiv
copet2024musicgen,sheffer2023hear,arxiv
copet2024musicgen,transformer,arxiv
copet2024musicgen,wang2023neural,arxiv
copet2024musicgen,wu2023large,arxiv
copet2024musicgen,yang2023diffsound,arxiv
copet2024musicgen,zeghidour2021soundstream,arxiv
cosentino2020librimix,7178964,paperId
cosentino2020librimix,LuoY2019conv-tasnet,arxiv
cosentino2020librimix,hershey2016deep,arxiv
cosentino2020librimix,le2019sdr,arxiv
cosentino2020librimix,mcauliffe2017montreal,paperId
cosentino2020librimix,vincent2006bss,paperId
cosentino2020librimix,wichern2019wham,arxiv
cosentino2020librimix,zen2019libritts,paperId
cuervo2024scalingpropertiesspeechlanguag,7178964,paperId
cuervo2024scalingpropertiesspeechlanguag,chang2023exploring,arxiv
cuervo2024scalingpropertiesspeechlanguag,chung2021w2v,arxiv
cuervo2024scalingpropertiesspeechlanguag,gpt,arxiv
cuervo2024scalingpropertiesspeechlanguag,hsu2021hubert,arxiv
cuervo2024scalingpropertiesspeechlanguag,kharitonov2022textfreeprosodyawaregenerativespoken,arxiv
cuervo2024scalingpropertiesspeechlanguag,lakhotia2021generative,paperId
cuervo2024scalingpropertiesspeechlanguag,mostafazadeh2016corpus,paperId
cuervo2024scalingpropertiesspeechlanguag,nguyen2020zeroresourcespeechbenchmark,arxiv
cuervo2024scalingpropertiesspeechlanguag,transformer,arxiv
cuervo2024scalingpropertiesspeechlanguag,zhang2023speechgpt,arxiv
cuervo2025textspeechlanguagemodelsimproved,7178964,paperId
cuervo2025textspeechlanguagemodelsimproved,borsos2023audiolm,arxiv
cuervo2025textspeechlanguagemodelsimproved,cuervo2024scalingpropertiesspeechlanguag,arxiv
cuervo2025textspeechlanguagemodelsimproved,defossez2024moshi,arxiv
cuervo2025textspeechlanguagemodelsimproved,hassid2023textually,arxiv
cuervo2025textspeechlanguagemodelsimproved,kang2024libriheavy,arxiv
cuervo2025textspeechlanguagemodelsimproved,lakhotia2021generative,paperId
cuervo2025textspeechlanguagemodelsimproved,lin2024alignslm,arxiv
cuervo2025textspeechlanguagemodelsimproved,maimon2025slamming,arxiv
cuervo2025textspeechlanguagemodelsimproved,nguyen2020zeroresourcespeechbenchmark,arxiv
cuervo2025textspeechlanguagemodelsimproved,qwen_audio,arxiv
cuervo2025textspeechlanguagemodelsimproved,radford2023robust,arxiv
cuervo2025textspeechlanguagemodelsimproved,rubenstein2023audiopalm,arxiv
cuervo2025textspeechlanguagemodelsimproved,salmonn,arxiv
cuervo2025textspeechlanguagemodelsimproved,transformer,arxiv
cui2024recent,7178964,paperId
cui2024recent,JMLR:v24:22-1144,arxiv
cui2024recent,ardila2019common,arxiv
cui2024recent,baevski2020wav2vec,arxiv
cui2024recent,borsos2023audiolm,arxiv
cui2024recent,chen2022wavlm,arxiv
cui2024recent,chen2023lauragpt,arxiv
cui2024recent,chiu2022bestrq,arxiv
cui2024recent,chung2021w2v,arxiv
cui2024recent,defossez2022high,arxiv
cui2024recent,defossez2024moshi,arxiv
cui2024recent,devlin2019bert,arxiv
cui2024recent,du2024cosyvoice,arxiv
cui2024recent,du2024cosyvoiceAS,arxiv
cui2024recent,geminiteam2023gemini,title_exact
cui2024recent,gpt,arxiv
cui2024recent,grattafiori2024llama3herdmodels,arxiv
cui2024recent,gulati_conformer,arxiv
cui2024recent,hassid2023textually,arxiv
cui2024recent,hsu2021hubert,arxiv
cui2024recent,huang2024dynamic,arxiv
cui2024recent,ji2024wavchat,arxiv
cui2024recent,kharitonov2022textfreeprosodyawaregenerativespoken,arxiv
cui2024recent,kim2021conditional,arxiv
cui2024recent,kong2020hifigan,arxiv
cui2024recent,kumar2023high,arxiv
cui2024recent,lakhotia2021generative,paperId
cui2024recent,latif2023sparks,arxiv
cui2024recent,lin2024alignslm,arxiv
cui2024recent,maimon2024suite,arxiv
cui2024recent,morise2016world,paperId
cui2024recent,nagrani2017voxceleb,arxiv
cui2024recent,nguyen2020zeroresourcespeechbenchmark,arxiv
cui2024recent,nguyen2023generative,arxiv
cui2024recent,nguyen2024spiritlminterleavedspokenwritten,paperId
cui2024recent,oord2016wavenet,arxiv
cui2024recent,peng2024survey,arxiv
cui2024recent,polyak2021speech,arxiv
cui2024recent,prenger2018waveglow,arxiv
cui2024recent,qwen2025qwen25technicalreport,arxiv
cui2024recent,radford2023robust,arxiv
cui2024recent,ren2024ticodec,arxiv
cui2024recent,rubenstein2023audiopalm,arxiv
cui2024recent,salmonn,arxiv
cui2024recent,tacotron2,arxiv
cui2024recent,touvron2023llama,arxiv
cui2024recent,transformer,arxiv
cui2024recent,vqvae2017,arxiv
cui2024recent,wang2023neural,arxiv
cui2024recent,wang2024viola,paperId
cui2024recent,xu2025qwen2,arxiv
cui2024recent,yang2021superb,arxiv
cui2024recent,yang2023hifi,arxiv
cui2024recent,yang2024qwen2,arxiv
cui2024recent,zeghidour2021soundstream,arxiv
cui2024recent,zen2019libritts,paperId
cui2024recent,zeng2024glm,arxiv
cui2024recent,zengscaling,arxiv
cui2024recent,zhan2024anygpt,arxiv
cui2024recent,zhang2023googleusm,arxiv
cui2024recent,zhang2023speechgpt,arxiv
cui2024recent,zhang2023speechtokenizer,arxiv
defossez2022high,Jang2016Gumbel,arxiv
defossez2022high,Jiang2022EndtoEndNS,arxiv
defossez2022high,Kleijn2018wavenet,arxiv
defossez2022high,LuoY2019conv-tasnet,arxiv
defossez2022high,ardila2019common,arxiv
defossez2022high,atal1970speech,paperId
defossez2022high,bogdanov2019mtg,paperId
defossez2022high,dhariwal2020jukebox,arxiv
defossez2022high,dietz2015overview,paperId
defossez2022high,fonseca2021fsd50k,arxiv
defossez2022high,garbacea2019low,arxiv
defossez2022high,gemmeke2017audio,paperId
defossez2022high,hsu2021hubert,arxiv
defossez2022high,kharitonov2022textfreeprosodyawaregenerativespoken,arxiv
defossez2022high,kong2020hifigan,arxiv
defossez2022high,lakhotia2021generative,paperId
defossez2022high,nguyen2023generative,arxiv
defossez2022high,oord2016wavenet,arxiv
defossez2022high,polyak2021speech,arxiv
defossez2022high,popuri2022enhanced,arxiv
defossez2022high,transformer,arxiv
defossez2022high,valin2012definition,paperId
defossez2022high,valin2019lpcnet,paperId
defossez2022high,valin2019real,arxiv
defossez2022high,vqvae2017,arxiv
defossez2022high,zeghidour2021soundstream,arxiv
della2025focalcodec,1360861705599880960,arxiv
della2025focalcodec,7178964,paperId
della2025focalcodec,Guo2024LSCodecLA,arxiv
della2025focalcodec,JMLR:v24:22-1144,arxiv
della2025focalcodec,Wu2024TS3CodecTS,arxiv
della2025focalcodec,ai2024apcodec,arxiv
della2025focalcodec,baevski2020wav2vec,arxiv
della2025focalcodec,bai2024dmel,arxiv
della2025focalcodec,borsos2023audiolm,arxiv
della2025focalcodec,busso2008iemocap,paperId
della2025focalcodec,chen2022wavlm,arxiv
della2025focalcodec,copet2024musicgen,arxiv
della2025focalcodec,cosentino2020librimix,arxiv
della2025focalcodec,defossez2022high,arxiv
della2025focalcodec,defossez2024moshi,arxiv
della2025focalcodec,dwer,title_exact
della2025focalcodec,grattafiori2024llama3herdmodels,arxiv
della2025focalcodec,gulati_conformer,arxiv
della2025focalcodec,hassid2023textually,arxiv
della2025focalcodec,hsu2021hubert,arxiv
della2025focalcodec,huang2023repcodec,paperId
della2025focalcodec,ji2024wavtokenizer,arxiv
della2025focalcodec,ju2024naturalspeech,arxiv
della2025focalcodec,kolbaek2017multitalker,paperId
della2025focalcodec,kong2020hifigan,arxiv
della2025focalcodec,kreuk2022audiogen,arxiv
della2025focalcodec,kumar2023high,arxiv
della2025focalcodec,li2024single,arxiv
della2025focalcodec,liu2024semanticodec,arxiv
della2025focalcodec,mentzer2023finite,arxiv
della2025focalcodec,messica2024nast,arxiv
della2025focalcodec,mousavi2024,paperId
della2025focalcodec,mousavi2024dasb,arxiv
della2025focalcodec,nguyen2024spiritlminterleavedspokenwritten,paperId
della2025focalcodec,parker2024scaling,arxiv
della2025focalcodec,polyak2021speech,arxiv
della2025focalcodec,radford2023robust,arxiv
della2025focalcodec,reddy2022dnsmos,arxiv
della2025focalcodec,ren2024ticodec,arxiv
della2025focalcodec,shi2024mmm,arxiv
della2025focalcodec,simplespeech,arxiv
della2025focalcodec,siuzdak2023vocos,arxiv
della2025focalcodec,siuzdak2024snac,arxiv
della2025focalcodec,speechbrain_ravanelli,arxiv
della2025focalcodec,tian2025espnet,paperId
della2025focalcodec,valentinibotinhao2016voicebank,paperId
della2025focalcodec,van2022comparison,arxiv
della2025focalcodec,vqvae2017,arxiv
della2025focalcodec,wang2023neural,arxiv
della2025focalcodec,wang2023selm,arxiv
della2025focalcodec,wichern2019wham,arxiv
della2025focalcodec,xin2024bigcodec,arxiv
della2025focalcodec,yang2023hifi,arxiv
della2025focalcodec,yang2024generative,arxiv
della2025focalcodec,zeghidour2021soundstream,arxiv
della2025focalcodec,zen2019libritts,paperId
della2025focalcodec,zhang2023speechgpt,arxiv
della2025focalcodec,zhang2023speechtokenizer,arxiv
desplanques2020ecapa,nagrani2017voxceleb,arxiv
desplanques2020ecapa,snyder2018x,paperId
devlin2019bert,transformer,arxiv
dhariwal2020jukebox,oord2016wavenet,arxiv
dhariwal2020jukebox,prenger2018waveglow,arxiv
dhariwal2020jukebox,tacotron2,arxiv
dhariwal2020jukebox,transformer,arxiv
dhariwal2020jukebox,vqvae2017,arxiv
dong2023clipsonic,agostinelli2023musiclm,arxiv
dong2023clipsonic,ho2020denoising,arxiv
dong2023clipsonic,huang2022mulan,arxiv
dong2023clipsonic,huang2023make,arxiv
dong2023clipsonic,kreuk2022audiogen,arxiv
dong2023clipsonic,liu2023audioldm,paperId
dong2023clipsonic,rombach2022high,arxiv
dong2023clipsonic,sheffer2023hear,arxiv
dong2023clipsonic,wu2023large,arxiv
dong2023clipsonic,yang2023diffsound,arxiv
du2023funcodec,7178964,paperId
du2023funcodec,defossez2022high,arxiv
du2023funcodec,dietz2015overview,paperId
du2023funcodec,hsu2021hubert,arxiv
du2023funcodec,kong2020hifigan,arxiv
du2023funcodec,kumar2023high,arxiv
du2023funcodec,rubenstein2023audiopalm,arxiv
du2023funcodec,transformer,arxiv
du2023funcodec,valin2012definition,paperId
du2023funcodec,vqvae2017,arxiv
du2023funcodec,wang2023neural,arxiv
du2023funcodec,wang2023viola,arxiv
du2023funcodec,wu2023audiodec,arxiv
du2023funcodec,yang2023neural,arxiv
du2023funcodec,zeghidour2021soundstream,arxiv
du2023funcodec,zen2019libritts,paperId
du2024cosyvoice,defossez2022high,arxiv
du2024cosyvoice,du2023funcodec,arxiv
du2024cosyvoice,du2024cosyvoiceAS,arxiv
du2024cosyvoice,ho2020denoising,arxiv
du2024cosyvoice,ju2024naturalspeech,arxiv
du2024cosyvoice,kharitonov2023speak,arxiv
du2024cosyvoice,mentzer2023finite,arxiv
du2024cosyvoice,radford2023robust,arxiv
du2024cosyvoice,reddy2022dnsmos,arxiv
du2024cosyvoice,ren2020fastspeech,arxiv
du2024cosyvoice,siuzdak2023vocos,arxiv
du2024cosyvoice,tacotron2,arxiv
du2024cosyvoice,wang2023neural,arxiv
du2024cosyvoice,zeghidour2021soundstream,arxiv
du2024cosyvoice,zhang2023speechgpt,arxiv
du2025codecfake,1360861705599880960,arxiv
du2025codecfake,Ahn2024HILCodecHA,arxiv
du2025codecfake,Guo2024AddressingIC,arxiv
du2025codecfake,Jiang2022EndtoEndNS,arxiv
du2025codecfake,Wu2024TS3CodecTS,arxiv
du2025codecfake,Ye2024CodecDM,arxiv
du2025codecfake,Zhou2024WMCodecEN,arxiv
du2025codecfake,ai2024apcodec,arxiv
du2025codecfake,bie2024learning,arxiv
du2025codecfake,borsos2023soundstorm,arxiv
du2025codecfake,casanova2024lfsc,arxiv
du2025codecfake,chen2023lauragpt,arxiv
du2025codecfake,chung2021w2v,arxiv
du2025codecfake,defossez2022high,arxiv
du2025codecfake,defossez2024moshi,arxiv
du2025codecfake,du2023funcodec,arxiv
du2025codecfake,gu2024esc,arxiv
du2025codecfake,guo2024socodec,arxiv
du2025codecfake,huang2023repcodec,paperId
du2025codecfake,ji2024wavtokenizer,arxiv
du2025codecfake,jiang2023disentangled,arxiv
du2025codecfake,jiang22_interspeech,arxiv
du2025codecfake,ju2024naturalspeech,arxiv
du2025codecfake,kong2020hifigan,arxiv
du2025codecfake,kumar2023high,arxiv
du2025codecfake,langman2024spectral,arxiv
du2025codecfake,li2024single,arxiv
du2025codecfake,liu2024semanticodec,arxiv
du2025codecfake,mousavi2024dasb,arxiv
du2025codecfake,niu2024ndvq,arxiv
du2025codecfake,petermann2021harp,arxiv
du2025codecfake,ren2024ticodec,arxiv
du2025codecfake,shi2024espnet,arxiv
du2025codecfake,shi2024versa,arxiv
du2025codecfake,simplespeech,arxiv
du2025codecfake,siuzdak2023vocos,arxiv
du2025codecfake,siuzdak2024snac,arxiv
du2025codecfake,touvron2023llama,arxiv
du2025codecfake,wang2023neural,arxiv
du2025codecfake,wang2023speechx,arxiv
du2025codecfake,wang2024viola,paperId
du2025codecfake,wu2023audiodec,arxiv
du2025codecfake,wu2024codec,arxiv
du2025codecfake,wu2024codecfake,arxiv
du2025codecfake,wu2024codecslt,arxiv
du2025codecfake,wu2024towards,arxiv
du2025codecfake,xin2024bigcodec,arxiv
du2025codecfake,yamagishi2019cstr,paperId
du2025codecfake,yang2023hifi,arxiv
du2025codecfake,yang2023uniaudio,paperId
du2025codecfake,yang2024uniaudio,paperId
du2025codecfake,zeghidour2021soundstream,arxiv
dubey2024icassp,borsos2023audiolm,arxiv
dubey2024icassp,desplanques2020ecapa,arxiv
dubey2024icassp,gemmeke2017audio,paperId
dubey2024icassp,radford2023robust,arxiv
dubey2024icassp,reddy2022dnsmos,arxiv
dubey2024icassp,rubenstein2023audiopalm,arxiv
dunbar2021zero,7178964,paperId
dunbar2021zero,baevski2020wav2vec,arxiv
dunbar2021zero,devlin2019bert,arxiv
dunbar2021zero,lakhotia2021generative,paperId
dunbar2021zero,nguyen2020zeroresourcespeechbenchmark,arxiv
dwer,Kavalerov2019UniversalSS,arxiv
dwer,LuoY2019conv-tasnet,arxiv
dwer,gemmeke2017audio,paperId
dwer,le2019sdr,arxiv
dwer,zen2019libritts,paperId
elmakies2025unsupervised,borsos2023audiolm,arxiv
elmakies2025unsupervised,busso2008iemocap,paperId
elmakies2025unsupervised,esser2021taming,arxiv
elmakies2025unsupervised,hassid2023textually,arxiv
elmakies2025unsupervised,kharitonov2022textfreeprosodyawaregenerativespoken,arxiv
elmakies2025unsupervised,lakhotia2021generative,paperId
elmakies2025unsupervised,sicherman2023analysing,arxiv
erdogan2023tokensplit,Kavalerov2019UniversalSS,arxiv
erdogan2023tokensplit,LuoY2019conv-tasnet,arxiv
erdogan2023tokensplit,agostinelli2023musiclm,arxiv
erdogan2023tokensplit,borsos2023audiolm,arxiv
erdogan2023tokensplit,chung2021w2v,arxiv
erdogan2023tokensplit,cosentino2020librimix,arxiv
erdogan2023tokensplit,dwer,title_exact
erdogan2023tokensplit,esser2021taming,arxiv
erdogan2023tokensplit,hershey2016deep,arxiv
erdogan2023tokensplit,kharitonov2023speak,arxiv
erdogan2023tokensplit,le2019sdr,arxiv
erdogan2023tokensplit,shi2021discretization,arxiv
erdogan2023tokensplit,vqvae2017,arxiv
erdogan2023tokensplit,zeghidour2021soundstream,arxiv
espnet,7178964,paperId
espnet,transformer,arxiv
esser2021taming,Jang2016Gumbel,arxiv
esser2021taming,goodfellow2020generative,paperId
esser2021taming,gpt,arxiv
esser2021taming,ho2020denoising,arxiv
esser2021taming,transformer,arxiv
esser2021taming,vqvae2017,arxiv
evans2025stable,agostinelli2023musiclm,arxiv
evans2025stable,audiocaps,paperId
evans2025stable,copet2024musicgen,arxiv
evans2025stable,defossez2022high,arxiv
evans2025stable,dhariwal2020jukebox,arxiv
evans2025stable,gemmeke2017audio,paperId
evans2025stable,ho2020denoising,arxiv
evans2025stable,huang2023make,arxiv
evans2025stable,kong2020panns,arxiv
evans2025stable,koutini2021passt,arxiv
evans2025stable,kreuk2022audiogen,arxiv
evans2025stable,kumar2023high,arxiv
evans2025stable,liu2023audioldm,paperId
evans2025stable,liu2024audioldm2,paperId
evans2025stable,raffel2020exploring,arxiv
evans2025stable,wu2023large,arxiv
fadtk,agostinelli2023musiclm,arxiv
fadtk,copet2024musicgen,arxiv
fadtk,defossez2022high,arxiv
fadtk,fma_dataset,arxiv
fadtk,huang2022mulan,arxiv
fadtk,kong2020panns,arxiv
fadtk,kumar2023high,arxiv
fadtk,li2023mert,arxiv
fadtk,liu2023audioldm,paperId
fadtk,wu2023large,arxiv
fadtk,yang2023diffsound,arxiv
fma_dataset,GoodBengCour16,title_exact
fma_dataset,Rabiner:1993dq,paperId
fma_dataset,gemmeke2017audio,paperId
fonseca2021fsd50k,Kavalerov2019UniversalSS,arxiv
fonseca2021fsd50k,gemmeke2017audio,paperId
fonseca2021fsd50k,kong2020panns,arxiv
fonseca2021fsd50k,piczak2015esc,paperId
fonseca2021fsd50k,wisdom2021s,paperId
garbacea2019low,7178964,paperId
garbacea2019low,Kleijn2018wavenet,arxiv
garbacea2019low,kankanahalli2018end,arxiv
garbacea2019low,oord2016wavenet,arxiv
garbacea2019low,vqvae2017,arxiv
garcia2023vampnet,agostinelli2023musiclm,arxiv
garcia2023vampnet,borsos2023audiolm,arxiv
garcia2023vampnet,borsos2023soundstorm,arxiv
garcia2023vampnet,chung2021w2v,arxiv
garcia2023vampnet,copet2024musicgen,arxiv
garcia2023vampnet,defossez2022high,arxiv
garcia2023vampnet,devlin2019bert,arxiv
garcia2023vampnet,dhariwal2020jukebox,arxiv
garcia2023vampnet,esser2021taming,arxiv
garcia2023vampnet,garbacea2019low,arxiv
garcia2023vampnet,ho2020denoising,arxiv
garcia2023vampnet,kumar2023high,arxiv
garcia2023vampnet,rombach2022high,arxiv
garcia2023vampnet,transformer,arxiv
garcia2023vampnet,vqvae2017,arxiv
garcia2023vampnet,wang2023neural,arxiv
garcia2023vampnet,zeghidour2021soundstream,arxiv
goodfellow2020generative,GoodBengCour16,title_exact
goodfellow2020generative,transformer,arxiv
gpt,devlin2019bert,arxiv
gpt,raffel2020exploring,arxiv
gpt,transformer,arxiv
gu2021efficiently,oord2016wavenet,arxiv
gu2021efficiently,transformer,arxiv
gu2021efficiently,warden2017speech,arxiv
gu2024esc,7178964,paperId
gu2024esc,Kleijn2018wavenet,arxiv
gu2024esc,agustsson2017soft,arxiv
gu2024esc,borsos2023audiolm,arxiv
gu2024esc,defossez2022high,arxiv
gu2024esc,dhariwal2020jukebox,arxiv
gu2024esc,dietz2015overview,paperId
gu2024esc,du2023funcodec,arxiv
gu2024esc,esser2021taming,arxiv
gu2024esc,jiang22_interspeech,arxiv
gu2024esc,kong2020hifigan,arxiv
gu2024esc,kumar2023high,arxiv
gu2024esc,le2019sdr,arxiv
gu2024esc,mentzer2023finite,arxiv
gu2024esc,oord2016wavenet,arxiv
gu2024esc,siuzdak2023vocos,arxiv
gu2024esc,valin2012definition,paperId
gu2024esc,vqvae2017,arxiv
gu2024esc,wang2023neural,arxiv
gu2024esc,zeghidour2021soundstream,arxiv
guided-attention,GoodBengCour16,title_exact
guided-attention,ljspeech17,title_exact
guided-attention,oord2016wavenet,arxiv
gulati_conformer,7178964,paperId
gulati_conformer,han2020contextnet,arxiv
gulati_conformer,srivastava2014dropout,paperId
gulati_conformer,transformer,arxiv
guo2024socodec,Guo2024AddressingIC,arxiv
guo2024socodec,chen2022wavlm,arxiv
guo2024socodec,copet2024musicgen,arxiv
guo2024socodec,defossez2022high,arxiv
guo2024socodec,gpt,arxiv
guo2024socodec,hsu2021hubert,arxiv
guo2024socodec,ju2024naturalspeech,arxiv
guo2024socodec,kharitonov2022textfreeprosodyawaregenerativespoken,arxiv
guo2024socodec,kumar2023high,arxiv
guo2024socodec,li2024single,arxiv
guo2024socodec,liu2024semanticodec,arxiv
guo2024socodec,ren2024ticodec,arxiv
guo2024socodec,touvron2023llama,arxiv
guo2024socodec,wang2023neural,arxiv
guo2024socodec,yang2023hifi,arxiv
guo2024socodec,zhang2023speechtokenizer,arxiv
guo2025recent,7178964,paperId
guo2025recent,Ahn2024HILCodecHA,arxiv
guo2025recent,Guo2024LSCodecLA,arxiv
guo2025recent,Jang2016Gumbel,arxiv
guo2025recent,Wu2024TS3CodecTS,arxiv
guo2025recent,Ye2024CodecDM,arxiv
guo2025recent,ai2024apcodec,arxiv
guo2025recent,anees2024speech,paperId
guo2025recent,baevski2020wav2vec,arxiv
guo2025recent,bastianelli2020slurp,arxiv
guo2025recent,bie2024learning,arxiv
guo2025recent,borsos2023audiolm,arxiv
guo2025recent,casanova2024lfsc,arxiv
guo2025recent,chang2023exploration,arxiv
guo2025recent,chang2023exploring,arxiv
guo2025recent,chang2023speechprompt,arxiv
guo2025recent,chang2024speechprompt,arxiv
guo2025recent,chen2022wavlm,arxiv
guo2025recent,chen2023lauragpt,arxiv
guo2025recent,chiu2022bestrq,arxiv
guo2025recent,choi2024selfsupervisedspeechrepresentationsphonetic,arxiv
guo2025recent,chung2021w2v,arxiv
guo2025recent,copet2024musicgen,arxiv
guo2025recent,cuervo2024scalingpropertiesspeechlanguag,arxiv
guo2025recent,cui2024recent,arxiv
guo2025recent,defossez2022high,arxiv
guo2025recent,defossez2024moshi,arxiv
guo2025recent,della2025focalcodec,arxiv
guo2025recent,dhariwal2020jukebox,arxiv
guo2025recent,dietz2015overview,paperId
guo2025recent,du2023funcodec,arxiv
guo2025recent,du2024cosyvoice,arxiv
guo2025recent,du2024cosyvoiceAS,arxiv
guo2025recent,esser2021taming,arxiv
guo2025recent,gu2024esc,arxiv
guo2025recent,gulati_conformer,arxiv
guo2025recent,guo2024socodec,arxiv
guo2025recent,hassid2023textually,arxiv
guo2025recent,hayashi2020discretalk,arxiv
guo2025recent,ho2020denoising,arxiv
guo2025recent,hsu2021hubert,arxiv
guo2025recent,huang2023repcodec,paperId
guo2025recent,inaguma2022unity,arxiv
guo2025recent,ji2024wavchat,arxiv
guo2025recent,ji2024wavtokenizer,arxiv
guo2025recent,jiang2023disentangled,arxiv
guo2025recent,ju2024naturalspeech,arxiv
guo2025recent,kharitonov2022textfreeprosodyawaregenerativespoken,arxiv
guo2025recent,kharitonov2023speak,arxiv
guo2025recent,kim2024neural,arxiv
guo2025recent,kong2020hifigan,arxiv
guo2025recent,kumar2023high,arxiv
guo2025recent,lakhotia2021generative,paperId
guo2025recent,li2024single,arxiv
guo2025recent,lin2024alignslm,arxiv
guo2025recent,liu2024semanticodec,arxiv
guo2025recent,mentzer2023finite,arxiv
guo2025recent,messica2024nast,arxiv
guo2025recent,mousavi2024,paperId
guo2025recent,mousavi2024dasb,arxiv
guo2025recent,nguyen2020zeroresourcespeechbenchmark,arxiv
guo2025recent,nguyen2024spiritlminterleavedspokenwritten,paperId
guo2025recent,niu2024ndvq,arxiv
guo2025recent,park2024long,arxiv
guo2025recent,parker2024scaling,arxiv
guo2025recent,polyak2021speech,arxiv
guo2025recent,puvvada2023discrete,paperId
guo2025recent,qwen_audio,arxiv
guo2025recent,radford2023robust,arxiv
guo2025recent,raffel2020exploring,arxiv
guo2025recent,ren2024emo,arxiv
guo2025recent,ren2024ticodec,arxiv
guo2025recent,rubenstein2023audiopalm,arxiv
guo2025recent,salmonn,arxiv
guo2025recent,san2023discrete,arxiv
guo2025recent,shi2024espnet,arxiv
guo2025recent,shi2024mmm,arxiv
guo2025recent,shi2024versa,arxiv
guo2025recent,sicherman2023analysing,arxiv
guo2025recent,simplespeech,arxiv
guo2025recent,siuzdak2023vocos,arxiv
guo2025recent,siuzdak2024snac,arxiv
guo2025recent,touvron2023llama,arxiv
guo2025recent,transformer,arxiv
guo2025recent,turetzky2024last,arxiv
guo2025recent,valin2012definition,paperId
guo2025recent,vashishth2024stab,arxiv
guo2025recent,vqvae2017,arxiv
guo2025recent,wang2023neural,arxiv
guo2025recent,wang2023selm,arxiv
guo2025recent,wang2023speechx,arxiv
guo2025recent,wang2024viola,paperId
guo2025recent,wells2022phonetic,paperId
guo2025recent,wu2023audiodec,arxiv
guo2025recent,wu2023speechgen,arxiv
guo2025recent,wu2024codec,arxiv
guo2025recent,wu2024towards,arxiv
guo2025recent,xin2024bigcodec,arxiv
guo2025recent,yang2021superb,arxiv
guo2025recent,yang2023hifi,arxiv
guo2025recent,yang2023towards,arxiv
guo2025recent,yang2023uniaudio,paperId
guo2025recent,yang2024generative,arxiv
guo2025recent,yang2024uniaudio,paperId
guo2025recent,zeghidour2021soundstream,arxiv
guo2025recent,zen2019libritts,paperId
guo2025recent,zengscaling,arxiv
guo2025recent,zhang2023dub,arxiv
guo2025recent,zheng2025ervq,arxiv
han2020contextnet,7178964,paperId
han2020contextnet,GoodBengCour16,title_exact
han2020contextnet,transformer,arxiv
har2025past,7178964,paperId
har2025past,Ye2024CodecDM,arxiv
har2025past,baevski2020wav2vec,arxiv
har2025past,borsos2023audiolm,arxiv
har2025past,chen2022wavlm,arxiv
har2025past,copet2024musicgen,arxiv
har2025past,defossez2022high,arxiv
har2025past,defossez2024moshi,arxiv
har2025past,du2023funcodec,arxiv
har2025past,hassid2023textually,arxiv
har2025past,hsu2021hubert,arxiv
har2025past,ji2024wavtokenizer,arxiv
har2025past,kharitonov2022textfreeprosodyawaregenerativespoken,arxiv
har2025past,kong2020hifigan,arxiv
har2025past,lakhotia2021generative,paperId
har2025past,messica2024nast,arxiv
har2025past,mousavi2024dasb,arxiv
har2025past,nguyen2020zeroresourcespeechbenchmark,arxiv
har2025past,radford2023robust,arxiv
har2025past,sicherman2023analysing,arxiv
har2025past,turetzky2024last,arxiv
har2025past,wu2023audiodec,arxiv
har2025past,yang2023hifi,arxiv
har2025past,zeghidour2021soundstream,arxiv
har2025past,zengscaling,arxiv
hassid2023textually,7178964,paperId
hassid2023textually,JMLR:v24:22-1144,arxiv
hassid2023textually,agostinelli2023musiclm,arxiv
hassid2023textually,ardila2019common,arxiv
hassid2023textually,baevski2020wav2vec,arxiv
hassid2023textually,bastianelli2020slurp,arxiv
hassid2023textually,borsos2023audiolm,arxiv
hassid2023textually,chung2021w2v,arxiv
hassid2023textually,defossez2022high,arxiv
hassid2023textually,devlin2019bert,arxiv
hassid2023textually,gpt,arxiv
hassid2023textually,hsu2021hubert,arxiv
hassid2023textually,kharitonov2022textfreeprosodyawaregenerativespoken,arxiv
hassid2023textually,kong2020hifigan,arxiv
hassid2023textually,kreuk2022audiogen,arxiv
hassid2023textually,lakhotia2021generative,paperId
hassid2023textually,nguyen2020zeroresourcespeechbenchmark,arxiv
hassid2023textually,nguyen2023generative,arxiv
hassid2023textually,polyak2021speech,arxiv
hassid2023textually,popuri2022enhanced,arxiv
hassid2023textually,prenger2018waveglow,arxiv
hassid2023textually,radford2023robust,arxiv
hassid2023textually,raffel2020exploring,arxiv
hassid2023textually,ren2020fastspeech,arxiv
hassid2023textually,sicherman2023analysing,arxiv
hassid2023textually,tacotron2,arxiv
hassid2023textually,zeghidour2021soundstream,arxiv
hayashi2020discretalk,espnet,arxiv
hayashi2020discretalk,oord2016wavenet,arxiv
hayashi2020discretalk,prenger2018waveglow,arxiv
hayashi2020discretalk,ren2019fastspeech,title_exact
hayashi2020discretalk,tacotron2,arxiv
hayashi2020discretalk,transformer,arxiv
hayashi2020discretalk,vqvae2017,arxiv
hershey2016deep,vincent2006bss,paperId
ho2020denoising,oord2016wavenet,arxiv
ho2020denoising,prenger2018waveglow,arxiv
ho2020denoising,transformer,arxiv
hsu2021hubert,7178964,paperId
hsu2021hubert,baevski2020wav2vec,arxiv
hsu2021hubert,devlin2019bert,arxiv
hsu2021hubert,gpt,arxiv
hsu2021hubert,gulati_conformer,arxiv
hsu2021hubert,vqvae2017,arxiv
huang2021multi,7178964,paperId
huang2021multi,kong2020hifigan,arxiv
huang2021multi,oord2016wavenet,arxiv
huang2021multi,prenger2018waveglow,arxiv
huang2021multi,ren2020fastspeech,arxiv
huang2022mulan,audiocaps,paperId
huang2022mulan,devlin2019bert,arxiv
huang2022mulan,dhariwal2020jukebox,arxiv
huang2022mulan,gemmeke2017audio,paperId
huang2022mulan,piczak2015esc,paperId
huang2023dynamic,7178964,paperId
huang2023dynamic,baevski2020wav2vec,arxiv
huang2023dynamic,chang2023speechprompt,arxiv
huang2023dynamic,devlin2019bert,arxiv
huang2023dynamic,hsu2021hubert,arxiv
huang2023dynamic,lakhotia2021generative,paperId
huang2023dynamic,lester2021power,arxiv
huang2023dynamic,liu2023gpt,arxiv
huang2023dynamic,ljspeech17,title_exact
huang2023dynamic,nguyen2020zeroresourcespeechbenchmark,arxiv
huang2023dynamic,radford2023robust,arxiv
huang2023dynamic,rubenstein2023audiopalm,arxiv
huang2023dynamic,touvron2023llama,arxiv
huang2023dynamic,wu2023speechgen,arxiv
huang2023dynamic,yamagishi2019cstr,paperId
huang2023dynamic,yang2021superb,arxiv
huang2023make,audiocaps,paperId
huang2023make,baevski2020wav2vec,arxiv
huang2023make,borsos2023audiolm,arxiv
huang2023make,gemmeke2017audio,paperId
huang2023make,goodfellow2020generative,paperId
huang2023make,ho2020denoising,arxiv
huang2023make,hsu2021hubert,arxiv
huang2023make,kong2020hifigan,arxiv
huang2023make,koutini2021passt,arxiv
huang2023make,kreuk2022audiogen,arxiv
huang2023make,liu2023audioldm,paperId
huang2023make,piczak2015esc,paperId
huang2023make,raffel2020exploring,arxiv
huang2023make,rombach2022high,arxiv
huang2023make,vqvae2017,arxiv
huang2023make,yang2023diffsound,arxiv
huang2023make,yang2023hifi,arxiv
huang2023make,zeghidour2021soundstream,arxiv
huang2023make,zen2019libritts,paperId
huang2023repcodec,7178964,paperId
huang2023repcodec,JMLR:v24:22-1144,arxiv
huang2023repcodec,baevski2020wav2vec,arxiv
huang2023repcodec,borsos2023audiolm,arxiv
huang2023repcodec,chung2021w2v,arxiv
huang2023repcodec,defossez2022high,arxiv
huang2023repcodec,garbacea2019low,arxiv
huang2023repcodec,gpt,arxiv
huang2023repcodec,gulati_conformer,arxiv
huang2023repcodec,hsu2021hubert,arxiv
huang2023repcodec,kankanahalli2018end,arxiv
huang2023repcodec,ljspeech17,title_exact
huang2023repcodec,polyak2021speech,arxiv
huang2023repcodec,radford2023robust,arxiv
huang2023repcodec,rubenstein2023audiopalm,arxiv
huang2023repcodec,vqvae2017,arxiv
huang2023repcodec,wang2023neural,arxiv
huang2023repcodec,wu2023audiodec,arxiv
huang2023repcodec,yang2021superb,arxiv
huang2023repcodec,zeghidour2021soundstream,arxiv
huang2023repcodec,zhang2023speechgpt,arxiv
inaguma2022unity,7178964,paperId
inaguma2022unity,ardila2019common,arxiv
inaguma2022unity,baevski2020wav2vec,arxiv
inaguma2022unity,chung2021w2v,arxiv
inaguma2022unity,gulati_conformer,arxiv
inaguma2022unity,hsu2021hubert,arxiv
inaguma2022unity,kong2020hifigan,arxiv
inaguma2022unity,ljspeech17,title_exact
inaguma2022unity,polyak2021speech,arxiv
inaguma2022unity,popuri2022enhanced,arxiv
inaguma2022unity,srivastava2014dropout,paperId
inaguma2022unity,transformer,arxiv
inaguma2022unity,vqvae2017,arxiv
jang2024personalized,7178964,paperId
jang2024personalized,Kleijn2018wavenet,arxiv
jang2024personalized,defossez2022high,arxiv
jang2024personalized,garbacea2019low,arxiv
jang2024personalized,kumar2023high,arxiv
jang2024personalized,oord2016wavenet,arxiv
jang2024personalized,transformer,arxiv
jang2024personalized,valin2019lpcnet,paperId
jang2024personalized,valin2019real,arxiv
jang2024personalized,zeghidour2021soundstream,arxiv
jeong2024read,gemmeke2017audio,paperId
jeong2024read,huang2023make,arxiv
jeong2024read,kong2020hifigan,arxiv
jeong2024read,kreuk2022audiogen,arxiv
jeong2024read,liu2023audioldm,paperId
jeong2024read,liu2024audioldm2,paperId
jeong2024read,luo2023diff,arxiv
jeong2024read,ren2020fastspeech,arxiv
jeong2024read,rombach2022high,arxiv
jeong2024read,sheffer2023hear,arxiv
jeong2024read,vqvae2017,arxiv
jeong2024read,wu2023large,arxiv
jeong2024read,yang2023diffsound,arxiv
ji2024wavtokenizer,1360861705599880960,arxiv
ji2024wavtokenizer,Ahn2024HILCodecHA,arxiv
ji2024wavtokenizer,agostinelli2023musiclm,arxiv
ji2024wavtokenizer,ardila2019common,arxiv
ji2024wavtokenizer,bastianelli2020slurp,arxiv
ji2024wavtokenizer,bogdanov2019mtg,paperId
ji2024wavtokenizer,borsos2023soundstorm,arxiv
ji2024wavtokenizer,chen2022wavlm,arxiv
ji2024wavtokenizer,copet2024musicgen,arxiv
ji2024wavtokenizer,defossez2022high,arxiv
ji2024wavtokenizer,defossez2024moshi,arxiv
ji2024wavtokenizer,dhariwal2020jukebox,arxiv
ji2024wavtokenizer,du2023funcodec,arxiv
ji2024wavtokenizer,fma_dataset,arxiv
ji2024wavtokenizer,fonseca2021fsd50k,arxiv
ji2024wavtokenizer,gemmeke2017audio,paperId
ji2024wavtokenizer,gpt,arxiv
ji2024wavtokenizer,hsu2021hubert,arxiv
ji2024wavtokenizer,huang2023repcodec,paperId
ji2024wavtokenizer,ju2024naturalspeech,arxiv
ji2024wavtokenizer,kharitonov2023speak,arxiv
ji2024wavtokenizer,kong2020hifigan,arxiv
ji2024wavtokenizer,kreuk2022audiogen,arxiv
ji2024wavtokenizer,kumar2023high,arxiv
ji2024wavtokenizer,li2023mert,arxiv
ji2024wavtokenizer,li2024single,arxiv
ji2024wavtokenizer,liu2024semanticodec,arxiv
ji2024wavtokenizer,piczak2015esc,paperId
ji2024wavtokenizer,qwen_audio,arxiv
ji2024wavtokenizer,ren2020fastspeech,arxiv
ji2024wavtokenizer,ren2024ticodec,arxiv
ji2024wavtokenizer,rombach2022high,arxiv
ji2024wavtokenizer,salmonn,arxiv
ji2024wavtokenizer,siuzdak2023vocos,arxiv
ji2024wavtokenizer,wang2023neural,arxiv
ji2024wavtokenizer,wu2023audiodec,arxiv
ji2024wavtokenizer,yang2021superb,arxiv
ji2024wavtokenizer,yang2023hifi,arxiv
ji2024wavtokenizer,yang2023uniaudio,paperId
ji2024wavtokenizer,zeghidour2021soundstream,arxiv
ji2024wavtokenizer,zen2019libritts,paperId
ji2024wavtokenizer,zhan2024anygpt,arxiv
ji2024wavtokenizer,zhang2023speechgpt,arxiv
ji2024wavtokenizer,zhang2023speechtokenizer,arxiv
jiang2023disentangled,7178964,paperId
jiang2023disentangled,Jiang2022EndtoEndNS,arxiv
jiang2023disentangled,Kleijn2018wavenet,arxiv
jiang2023disentangled,garbacea2019low,arxiv
jiang2023disentangled,polyak2021speech,arxiv
jiang2023disentangled,valin2012definition,paperId
jiang2023disentangled,vqvae2017,arxiv
jiang2023disentangled,yang2021superb,arxiv
jiang2023disentangled,zeghidour2021soundstream,arxiv
jiang22_interspeech,Jiang2022EndtoEndNS,arxiv
jiang22_interspeech,Kleijn2018wavenet,arxiv
jiang22_interspeech,garbacea2019low,arxiv
jiang22_interspeech,kankanahalli2018end,arxiv
jiang22_interspeech,oord2016wavenet,arxiv
jiang22_interspeech,petermann2021harp,arxiv
jiang22_interspeech,valin2012definition,paperId
jiang22_interspeech,valin2019lpcnet,paperId
jiang22_interspeech,vqvae2017,arxiv
jiang22_interspeech,zeghidour2021soundstream,arxiv
ju2024naturalspeech,1360861705599880960,arxiv
ju2024naturalspeech,7178964,paperId
ju2024naturalspeech,baevski2020wav2vec,arxiv
ju2024naturalspeech,borsos2023audiolm,arxiv
ju2024naturalspeech,borsos2023soundstorm,arxiv
ju2024naturalspeech,chung2021w2v,arxiv
ju2024naturalspeech,defossez2022high,arxiv
ju2024naturalspeech,gulati_conformer,arxiv
ju2024naturalspeech,hsu2021hubert,arxiv
ju2024naturalspeech,jiang2023disentangled,arxiv
ju2024naturalspeech,kharitonov2023speak,arxiv
ju2024naturalspeech,kim2021conditional,arxiv
ju2024naturalspeech,kong2020hifigan,arxiv
ju2024naturalspeech,kumar2023high,arxiv
ju2024naturalspeech,oord2016wavenet,arxiv
ju2024naturalspeech,polyak2021speech,arxiv
ju2024naturalspeech,ren2019fastspeech,title_exact
ju2024naturalspeech,tacotron2,arxiv
ju2024naturalspeech,vqvae2017,arxiv
ju2024naturalspeech,wang2023lmvc,arxiv
ju2024naturalspeech,wang2023neural,arxiv
ju2024naturalspeech,yang2023diffsound,arxiv
ju2024naturalspeech,yang2023hifi,arxiv
ju2024naturalspeech,zeghidour2021soundstream,arxiv
ju2024naturalspeech,zhang2023speechtokenizer,arxiv
kang2024libriheavy,7178964,paperId
kang2024libriheavy,gulati_conformer,arxiv
kang2024libriheavy,levenshtein,paperId
kang2024libriheavy,transformer,arxiv
kankanahalli2018end,GoodBengCour16,title_exact
kharitonov2021text,7178964,paperId
kharitonov2021text,baevski2020wav2vec,arxiv
kharitonov2021text,gpt,arxiv
kharitonov2021text,hsu2021hubert,arxiv
kharitonov2021text,kong2020hifigan,arxiv
kharitonov2021text,lakhotia2021generative,paperId
kharitonov2021text,ljspeech17,title_exact
kharitonov2021text,oord2016wavenet,arxiv
kharitonov2021text,polyak2021speech,arxiv
kharitonov2021text,ren2020fastspeech,arxiv
kharitonov2021text,vqvae2017,arxiv
kharitonov2021text,yang2021superb,arxiv
kharitonov2022textfreeprosodyawaregenerativespoken,7178964,paperId
kharitonov2022textfreeprosodyawaregenerativespoken,baevski2020wav2vec,arxiv
kharitonov2022textfreeprosodyawaregenerativespoken,gpt,arxiv
kharitonov2022textfreeprosodyawaregenerativespoken,hsu2021hubert,arxiv
kharitonov2022textfreeprosodyawaregenerativespoken,kong2020hifigan,arxiv
kharitonov2022textfreeprosodyawaregenerativespoken,lakhotia2021generative,paperId
kharitonov2022textfreeprosodyawaregenerativespoken,ljspeech17,title_exact
kharitonov2022textfreeprosodyawaregenerativespoken,oord2016wavenet,arxiv
kharitonov2022textfreeprosodyawaregenerativespoken,polyak2021speech,arxiv
kharitonov2022textfreeprosodyawaregenerativespoken,ren2020fastspeech,arxiv
kharitonov2022textfreeprosodyawaregenerativespoken,vqvae2017,arxiv
kharitonov2022textfreeprosodyawaregenerativespoken,yang2021superb,arxiv
kharitonov2023speak,7178964,paperId
kharitonov2023speak,agostinelli2023musiclm,arxiv
kharitonov2023speak,borsos2023audiolm,arxiv
kharitonov2023speak,chen2022wavlm,arxiv
kharitonov2023speak,chung2021w2v,arxiv
kharitonov2023speak,devlin2019bert,arxiv
kharitonov2023speak,dunbar2021zero,arxiv
kharitonov2023speak,gpt,arxiv
kharitonov2023speak,kharitonov2022textfreeprosodyawaregenerativespoken,arxiv
kharitonov2023speak,kong2020hifigan,arxiv
kharitonov2023speak,lakhotia2021generative,paperId
kharitonov2023speak,ljspeech17,title_exact
kharitonov2023speak,nguyen2023generative,arxiv
kharitonov2023speak,polyak2021speech,arxiv
kharitonov2023speak,raffel2020exploring,arxiv
kharitonov2023speak,ren2020fastspeech,arxiv
kharitonov2023speak,rubenstein2023audiopalm,arxiv
kharitonov2023speak,tacotron2,arxiv
kharitonov2023speak,transformer,arxiv
kharitonov2023speak,wang2023neural,arxiv
kharitonov2023speak,zeghidour2021soundstream,arxiv
kharitonov2023speak,zen2019libritts,paperId
kim2021conditional,kong2020hifigan,arxiv
kim2021conditional,ljspeech17,title_exact
kim2021conditional,oord2016wavenet,arxiv
kim2021conditional,prenger2018waveglow,arxiv
kim2021conditional,ren2020fastspeech,arxiv
kim2021conditional,tacotron2,arxiv
kim2021conditional,transformer,arxiv
kim2021conditional,vqvae2017,arxiv
kim2024neural,Kleijn2018wavenet,arxiv
kim2024neural,agustsson2017soft,arxiv
kim2024neural,defossez2022high,arxiv
kim2024neural,garbacea2019low,arxiv
kim2024neural,kankanahalli2018end,arxiv
kim2024neural,kumar2023high,arxiv
kim2024neural,oord2016wavenet,arxiv
kim2024neural,painter2000perceptual,paperId
kim2024neural,valin2012definition,paperId
kim2024neural,valin2019real,arxiv
kim2024neural,yang2023neural,arxiv
kim2024neural,zeghidour2021soundstream,arxiv
kim2024neural,zhen2020psychoacoustic,arxiv
kolbaek2017multitalker,GoodBengCour16,title_exact
kolbaek2017multitalker,hershey2016deep,arxiv
kolbaek2017multitalker,vincent2006bss,paperId
kong2020hifigan,ljspeech17,title_exact
kong2020hifigan,oord2016wavenet,arxiv
kong2020hifigan,prenger2018waveglow,arxiv
kong2020hifigan,tacotron2,arxiv
kong2020panns,devlin2019bert,arxiv
kong2020panns,gemmeke2017audio,paperId
kong2020panns,piczak2015esc,paperId
kong2020panns,srivastava2014dropout,paperId
koutini2021passt,devlin2019bert,arxiv
koutini2021passt,fonseca2021fsd50k,arxiv
koutini2021passt,gemmeke2017audio,paperId
koutini2021passt,kong2020panns,arxiv
koutini2021passt,piczak2015esc,paperId
koutini2021passt,srivastava2014dropout,paperId
koutini2021passt,transformer,arxiv
kreuk2022audiogen,audiocaps,paperId
kreuk2022audiogen,baevski2020wav2vec,arxiv
kreuk2022audiogen,borsos2023audiolm,arxiv
kreuk2022audiogen,chen2022wavlm,arxiv
kreuk2022audiogen,devlin2019bert,arxiv
kreuk2022audiogen,fonseca2021fsd50k,arxiv
kreuk2022audiogen,gemmeke2017audio,paperId
kreuk2022audiogen,gpt,arxiv
kreuk2022audiogen,hsu2021hubert,arxiv
kreuk2022audiogen,kharitonov2022textfreeprosodyawaregenerativespoken,arxiv
kreuk2022audiogen,kong2020hifigan,arxiv
kreuk2022audiogen,koutini2021passt,arxiv
kreuk2022audiogen,lakhotia2021generative,paperId
kreuk2022audiogen,nguyen2023generative,arxiv
kreuk2022audiogen,oord2016wavenet,arxiv
kreuk2022audiogen,polyak2021speech,arxiv
kreuk2022audiogen,popuri2022enhanced,arxiv
kreuk2022audiogen,raffel2020exploring,arxiv
kreuk2022audiogen,ren2020fastspeech,arxiv
kreuk2022audiogen,rombach2022high,arxiv
kreuk2022audiogen,vqvae2017,arxiv
kreuk2022audiogen,yang2023diffsound,arxiv
kreuk2022audiogen,zeghidour2021soundstream,arxiv
kuan2023towards,borsos2023audiolm,arxiv
kuan2023towards,borsos2023soundstorm,arxiv
kuan2023towards,chang2022speechprompt,arxiv
kuan2023towards,copet2024musicgen,arxiv
kuan2023towards,defossez2022high,arxiv
kuan2023towards,hassid2023textually,arxiv
kuan2023towards,huang2023make,arxiv
kuan2023towards,kharitonov2023speak,arxiv
kuan2023towards,kreuk2022audiogen,arxiv
kuan2023towards,liu2023audioldm,paperId
kuan2023towards,polyak2021speech,arxiv
kuan2023towards,rubenstein2023audiopalm,arxiv
kuan2023towards,van2022comparison,arxiv
kuan2023towards,wang2023neural,arxiv
kuan2023towards,wang2023viola,arxiv
kuan2023towards,wu2023audiodec,arxiv
kuan2023towards,wu2023speechgen,arxiv
kuan2023towards,zeghidour2021soundstream,arxiv
kumar2023high,agostinelli2023musiclm,arxiv
kumar2023high,ardila2019common,arxiv
kumar2023high,bogdanov2019mtg,paperId
kumar2023high,borsos2023audiolm,arxiv
kumar2023high,defossez2022high,arxiv
kumar2023high,dhariwal2020jukebox,arxiv
kumar2023high,esser2021taming,arxiv
kumar2023high,garbacea2019low,arxiv
kumar2023high,gemmeke2017audio,paperId
kumar2023high,gpt,arxiv
kumar2023high,kim2021conditional,arxiv
kumar2023high,kong2020hifigan,arxiv
kumar2023high,le2019sdr,arxiv
kumar2023high,mysore2014can,paperId
kumar2023high,oord2016wavenet,arxiv
kumar2023high,prenger2018waveglow,arxiv
kumar2023high,ren2020fastspeech,arxiv
kumar2023high,tacotron2,arxiv
kumar2023high,transformer,arxiv
kumar2023high,valin2012definition,paperId
kumar2023high,vqvae2017,arxiv
kumar2023high,wang2023neural,arxiv
kumar2023high,zeghidour2021soundstream,arxiv
kumar2024sila,audiocaps,paperId
kumar2024sila,copet2024musicgen,arxiv
kumar2024sila,evans2025stable,arxiv
kumar2024sila,fonseca2021fsd50k,arxiv
kumar2024sila,gemmeke2017audio,paperId
kumar2024sila,ho2020denoising,arxiv
kumar2024sila,huang2023make,arxiv
kumar2024sila,ju2024naturalspeech,arxiv
kumar2024sila,kreuk2022audiogen,arxiv
kumar2024sila,kumar2023high,arxiv
kumar2024sila,liu2023audioldm,paperId
kumar2024sila,raffel2020exploring,arxiv
kumar2024sila,wang2023neural,arxiv
kumar2024sila,wu2023large,arxiv
lakhotia2021generative,7178964,paperId
lakhotia2021generative,baevski2020wav2vec,arxiv
lakhotia2021generative,devlin2019bert,arxiv
lakhotia2021generative,gpt,arxiv
lakhotia2021generative,kong2020hifigan,arxiv
lakhotia2021generative,ljspeech17,title_exact
lakhotia2021generative,nguyen2020zeroresourcespeechbenchmark,arxiv
lakhotia2021generative,oord2016wavenet,arxiv
lakhotia2021generative,polyak2021speech,arxiv
lakhotia2021generative,prenger2018waveglow,arxiv
lakhotia2021generative,tacotron2,arxiv
lakhotia2021generative,transformer,arxiv
lakhotia2021generative,vqvae2017,arxiv
lam2023efficient,agostinelli2023musiclm,arxiv
lam2023efficient,baevski2020wav2vec,arxiv
lam2023efficient,borsos2023audiolm,arxiv
lam2023efficient,borsos2023soundstorm,arxiv
lam2023efficient,chung2021w2v,arxiv
lam2023efficient,devlin2019bert,arxiv
lam2023efficient,dhariwal2020jukebox,arxiv
lam2023efficient,gemmeke2017audio,paperId
lam2023efficient,gulati_conformer,arxiv
lam2023efficient,ho2020denoising,arxiv
lam2023efficient,huang2022mulan,arxiv
lam2023efficient,huang2023make,arxiv
lam2023efficient,kharitonov2023speak,arxiv
lam2023efficient,kong2020hifigan,arxiv
lam2023efficient,kong2020panns,arxiv
lam2023efficient,kreuk2022audiogen,arxiv
lam2023efficient,liu2023audioldm,paperId
lam2023efficient,oord2016wavenet,arxiv
lam2023efficient,rombach2022high,arxiv
lam2023efficient,transformer,arxiv
lam2023efficient,wang2023neural,arxiv
lam2023efficient,yang2023diffsound,arxiv
lam2023efficient,zeghidour2021soundstream,arxiv
langman2024spectral,borsos2023soundstorm,arxiv
langman2024spectral,copet2024musicgen,arxiv
langman2024spectral,defossez2022high,arxiv
langman2024spectral,kong2020hifigan,arxiv
langman2024spectral,kumar2023high,arxiv
langman2024spectral,le2019sdr,arxiv
langman2024spectral,mentzer2023finite,arxiv
langman2024spectral,puvvada2023discrete,paperId
langman2024spectral,ren2020fastspeech,arxiv
langman2024spectral,tacotron2,arxiv
langman2024spectral,wang2023neural,arxiv
langman2024spectral,wu2023audiodec,arxiv
langman2024spectral,zeghidour2021soundstream,arxiv
latif2023sparks,GoodBengCour16,title_exact
latif2023sparks,JMLR:v24:22-1144,arxiv
latif2023sparks,agostinelli2023musiclm,arxiv
latif2023sparks,ardila2019common,arxiv
latif2023sparks,audiocaps,paperId
latif2023sparks,baevski2020wav2vec,arxiv
latif2023sparks,bogdanov2019mtg,paperId
latif2023sparks,borsos2023audiolm,arxiv
latif2023sparks,borsos2023soundstorm,arxiv
latif2023sparks,chen2024musicldm,arxiv
latif2023sparks,chung2021w2v,arxiv
latif2023sparks,copet2024musicgen,arxiv
latif2023sparks,defossez2022high,arxiv
latif2023sparks,devlin2019bert,arxiv
latif2023sparks,dhariwal2020jukebox,arxiv
latif2023sparks,fma_dataset,arxiv
latif2023sparks,fonseca2021fsd50k,arxiv
latif2023sparks,garcia2023vampnet,arxiv
latif2023sparks,gemmeke2017audio,paperId
latif2023sparks,gpt,arxiv
latif2023sparks,hassid2023textually,arxiv
latif2023sparks,ho2020denoising,arxiv
latif2023sparks,hsu2021hubert,arxiv
latif2023sparks,huang2022mulan,arxiv
latif2023sparks,inaguma2022unity,arxiv
latif2023sparks,kharitonov2023speak,arxiv
latif2023sparks,kong2020hifigan,arxiv
latif2023sparks,kong2020panns,arxiv
latif2023sparks,kreuk2022audiogen,arxiv
latif2023sparks,kumar2023high,arxiv
latif2023sparks,lakhotia2021generative,paperId
latif2023sparks,lam2023efficient,arxiv
latif2023sparks,liu2023audioldm,paperId
latif2023sparks,liu2024audioldm2,paperId
latif2023sparks,nguyen2023generative,arxiv
latif2023sparks,oord2016wavenet,arxiv
latif2023sparks,prenger2018waveglow,arxiv
latif2023sparks,radford2023robust,arxiv
latif2023sparks,raffel2020exploring,arxiv
latif2023sparks,rombach2022high,arxiv
latif2023sparks,rubenstein2023audiopalm,arxiv
latif2023sparks,tacotron2,arxiv
latif2023sparks,transformer,arxiv
latif2023sparks,wang2023lmvc,arxiv
latif2023sparks,wang2023neural,arxiv
latif2023sparks,wang2023speechx,arxiv
latif2023sparks,wang2023viola,arxiv
latif2023sparks,wu2023large,arxiv
latif2023sparks,wu2023speechgen,arxiv
latif2023sparks,yang2023diffsound,arxiv
latif2023sparks,zeghidour2021soundstream,arxiv
latif2023sparks,zhang2023googleusm,arxiv
latif2023sparks,zhang2023speechgpt,arxiv
latif2023sparks,zhang2023speechtokenizer,arxiv
le2019sdr,hershey2016deep,arxiv
le2019sdr,kolbaek2017multitalker,paperId
le2019sdr,vincent2006bss,paperId
lecun2015deep,oord2016wavenet,arxiv
lecun2015deep,srivastava2014dropout,paperId
lester2021power,devlin2019bert,arxiv
lester2021power,gpt,arxiv
lester2021power,raffel2020exploring,arxiv
lester2021power,transformer,arxiv
li2023mert,baevski2020wav2vec,arxiv
li2023mert,bogdanov2019mtg,paperId
li2023mert,borsos2023audiolm,arxiv
li2023mert,chen2022wavlm,arxiv
li2023mert,defossez2022high,arxiv
li2023mert,dhariwal2020jukebox,arxiv
li2023mert,gpt,arxiv
li2023mert,hsu2021hubert,arxiv
li2023mert,huang2022mulan,arxiv
li2023mert,rouard2022hybrid,arxiv
li2023mert,transformer,arxiv
li2023mert,wang2023neural,arxiv
li2023mert,yang2021superb,arxiv
li2023mert,zeghidour2021soundstream,arxiv
li2024single,1360861705599880960,arxiv
li2024single,borsos2023soundstorm,arxiv
li2024single,defossez2022high,arxiv
li2024single,esser2021taming,arxiv
li2024single,gulati_conformer,arxiv
li2024single,kharitonov2023speak,arxiv
li2024single,radford2023robust,arxiv
li2024single,ren2024ticodec,arxiv
li2024single,vincent2006bss,paperId
li2024single,vqvae2017,arxiv
li2024single,wang2023neural,arxiv
li2024single,yang2023hifi,arxiv
li2024single,zen2019libritts,paperId
li2024single,ziv2024masked,arxiv
lin2024alignslm,7178964,paperId
lin2024alignslm,baevski2020wav2vec,arxiv
lin2024alignslm,borsos2023audiolm,arxiv
lin2024alignslm,cuervo2024scalingpropertiesspeechlanguag,arxiv
lin2024alignslm,defossez2024moshi,arxiv
lin2024alignslm,hsu2021hubert,arxiv
lin2024alignslm,kharitonov2022textfreeprosodyawaregenerativespoken,arxiv
lin2024alignslm,kong2020hifigan,arxiv
lin2024alignslm,lakhotia2021generative,paperId
lin2024alignslm,nguyen2020zeroresourcespeechbenchmark,arxiv
lin2024alignslm,nguyen2024spiritlminterleavedspokenwritten,paperId
lin2024alignslm,polyak2021speech,arxiv
lin2024alignslm,radford2023robust,arxiv
lin2024alignslm,touvron2023llama,arxiv
lin2024alignslm,yang2021superb,arxiv
lin2024alignslm,zhang2023speechgpt,arxiv
liu2021self,GoodBengCour16,title_exact
liu2021self,devlin2019bert,arxiv
liu2021self,goodfellow2020generative,paperId
liu2021self,newell2020useful,arxiv
liu2021self,oord2016wavenet,arxiv
liu2021self,transformer,arxiv
liu2021self,vqvae2017,arxiv
liu2023audioldm,audiocaps,paperId
liu2023audioldm,gemmeke2017audio,paperId
liu2023audioldm,ho2020denoising,arxiv
liu2023audioldm,kong2020hifigan,arxiv
liu2023audioldm,kong2020panns,arxiv
liu2023audioldm,kreuk2022audiogen,arxiv
liu2023audioldm,oord2016wavenet,arxiv
liu2023audioldm,raffel2020exploring,arxiv
liu2023audioldm,rombach2022high,arxiv
liu2023audioldm,wu2023large,arxiv
liu2023audioldm,yamagishi2019cstr,paperId
liu2023audioldm,yang2023diffsound,arxiv
liu2023gpt,devlin2019bert,arxiv
liu2023gpt,gpt,arxiv
liu2023gpt,lester2021power,arxiv
liu2023gpt,liu2021self,arxiv
liu2023gpt,raffel2020exploring,arxiv
liu2023pre,devlin2019bert,arxiv
liu2023pre,gpt,arxiv
liu2023pre,lester2021power,arxiv
liu2023pre,liu2023gpt,arxiv
liu2023pre,raffel2020exploring,arxiv
liu2023pre,transformer,arxiv
liu2024audioldm2,agostinelli2023musiclm,arxiv
liu2024audioldm2,audiocaps,paperId
liu2024audioldm2,baevski2020wav2vec,arxiv
liu2024audioldm2,borsos2023audiolm,arxiv
liu2024audioldm2,chung2021w2v,arxiv
liu2024audioldm2,copet2024musicgen,arxiv
liu2024audioldm2,fma_dataset,arxiv
liu2024audioldm2,gemmeke2017audio,paperId
liu2024audioldm2,ho2020denoising,arxiv
liu2024audioldm2,hsu2021hubert,arxiv
liu2024audioldm2,huang2023make,arxiv
liu2024audioldm2,kong2020hifigan,arxiv
liu2024audioldm2,koutini2021passt,arxiv
liu2024audioldm2,kreuk2022audiogen,arxiv
liu2024audioldm2,lam2023efficient,arxiv
liu2024audioldm2,li2023mert,arxiv
liu2024audioldm2,liu2023audioldm,paperId
liu2024audioldm2,oord2016wavenet,arxiv
liu2024audioldm2,piczak2015esc,paperId
liu2024audioldm2,raffel2020exploring,arxiv
liu2024audioldm2,ren2020fastspeech,arxiv
liu2024audioldm2,rombach2022high,arxiv
liu2024audioldm2,sheffer2023hear,arxiv
liu2024audioldm2,transformer,arxiv
liu2024audioldm2,wu2023large,arxiv
liu2024audioldm2,yang2023diffsound,arxiv
liu2024audioldm2,zeghidour2021soundstream,arxiv
liu2024audioldm2,zhang2023speechgpt,arxiv
liu2024revisiting,7178964,paperId
liu2024revisiting,baevski2020wav2vec,arxiv
liu2024revisiting,chen2022wavlm,arxiv
liu2024revisiting,chiu2022bestrq,arxiv
liu2024revisiting,chung2021w2v,arxiv
liu2024revisiting,hsu2021hubert,arxiv
liu2024revisiting,mcauliffe2017montreal,paperId
liu2024revisiting,pasad2023comparative,arxiv
liu2024revisiting,yang2021superb,arxiv
liu2024semanticodec,agostinelli2023musiclm,arxiv
liu2024semanticodec,borsos2023audiolm,arxiv
liu2024semanticodec,chen2024musicldm,arxiv
liu2024semanticodec,copet2024musicgen,arxiv
liu2024semanticodec,defossez2022high,arxiv
liu2024semanticodec,dietz2015overview,paperId
liu2024semanticodec,garbacea2019low,arxiv
liu2024semanticodec,gemmeke2017audio,paperId
liu2024semanticodec,ho2020denoising,arxiv
liu2024semanticodec,hsu2021hubert,arxiv
liu2024semanticodec,huang2023make,arxiv
liu2024semanticodec,kim2021conditional,arxiv
liu2024semanticodec,kong2020hifigan,arxiv
liu2024semanticodec,kreuk2022audiogen,arxiv
liu2024semanticodec,kumar2023high,arxiv
liu2024semanticodec,liu2023audioldm,paperId
liu2024semanticodec,liu2024audioldm2,paperId
liu2024semanticodec,piczak2015esc,paperId
liu2024semanticodec,radford2023robust,arxiv
liu2024semanticodec,rombach2022high,arxiv
liu2024semanticodec,rubenstein2023audiopalm,arxiv
liu2024semanticodec,sheffer2023hear,arxiv
liu2024semanticodec,valin2012definition,paperId
liu2024semanticodec,vqvae2017,arxiv
liu2024semanticodec,wang2023neural,arxiv
liu2024semanticodec,warden2017speech,arxiv
liu2024semanticodec,yang2023hifi,arxiv
liu2024semanticodec,zeghidour2021soundstream,arxiv
liu2024semanticodec,zen2019libritts,paperId
luo2023diff,gemmeke2017audio,paperId
luo2023diff,ho2020denoising,arxiv
luo2023diff,kong2020hifigan,arxiv
luo2023diff,kong2020panns,arxiv
luo2023diff,kreuk2022audiogen,arxiv
luo2023diff,liu2023audioldm,paperId
luo2023diff,oord2016wavenet,arxiv
luo2023diff,rombach2022high,arxiv
luo2023diff,sheffer2023hear,arxiv
luo2023diff,transformer,arxiv
luo2023diff,yang2023diffsound,arxiv
maddison2016concrete,Jang2016Gumbel,arxiv
maimon2023speaking,7178964,paperId
maimon2023speaking,borsos2023audiolm,arxiv
maimon2023speaking,desplanques2020ecapa,arxiv
maimon2023speaking,hsu2021hubert,arxiv
maimon2023speaking,kharitonov2022textfreeprosodyawaregenerativespoken,arxiv
maimon2023speaking,kong2020hifigan,arxiv
maimon2023speaking,lakhotia2021generative,paperId
maimon2023speaking,mcauliffe2017montreal,paperId
maimon2023speaking,polyak2021speech,arxiv
maimon2023speaking,radford2023robust,arxiv
maimon2024suite,borsos2023audiolm,arxiv
maimon2024suite,chang2024speechprompt,arxiv
maimon2024suite,chen2023lauragpt,arxiv
maimon2024suite,cuervo2024scalingpropertiesspeechlanguag,arxiv
maimon2024suite,defossez2022high,arxiv
maimon2024suite,dunbar2021zero,arxiv
maimon2024suite,fonseca2021fsd50k,arxiv
maimon2024suite,hassid2023textually,arxiv
maimon2024suite,hsu2021hubert,arxiv
maimon2024suite,huang2023dynamic,arxiv
maimon2024suite,kharitonov2022textfreeprosodyawaregenerativespoken,arxiv
maimon2024suite,lakhotia2021generative,paperId
maimon2024suite,ljspeech17,title_exact
maimon2024suite,maimon2023speaking,arxiv
maimon2024suite,mcauliffe2017montreal,paperId
maimon2024suite,messica2024nast,arxiv
maimon2024suite,mousavi2024,paperId
maimon2024suite,nguyen2023generative,arxiv
maimon2024suite,nguyen2024spiritlminterleavedspokenwritten,paperId
maimon2024suite,polyak2021speech,arxiv
maimon2024suite,qwen_audio,arxiv
maimon2024suite,radford2023robust,arxiv
maimon2024suite,rubenstein2023audiopalm,arxiv
maimon2024suite,salmonn,arxiv
maimon2024suite,sicherman2023analysing,arxiv
maimon2024suite,touvron2023llama,arxiv
maimon2024suite,turetzky2024last,arxiv
maimon2024suite,yamagishi2019cstr,paperId
maimon2024suite,zeghidour2021soundstream,arxiv
maimon2025scaling,7178964,paperId
maimon2025scaling,borsos2023audiolm,arxiv
maimon2025scaling,cuervo2024scalingpropertiesspeechlanguag,arxiv
maimon2025scaling,cuervo2025textspeechlanguagemodelsimproved,arxiv
maimon2025scaling,cui2024recent,arxiv
maimon2025scaling,defossez2022high,arxiv
maimon2025scaling,defossez2024moshi,arxiv
maimon2025scaling,grattafiori2024llama3herdmodels,arxiv
maimon2025scaling,hassid2023textually,arxiv
maimon2025scaling,hsu2021hubert,arxiv
maimon2025scaling,huang2024dynamic,arxiv
maimon2025scaling,inaguma2022unity,arxiv
maimon2025scaling,ji2024wavchat,arxiv
maimon2025scaling,kumar2023high,arxiv
maimon2025scaling,lakhotia2021generative,paperId
maimon2025scaling,lin2024alignslm,arxiv
maimon2025scaling,maimon2023speaking,arxiv
maimon2025scaling,maimon2024suite,arxiv
maimon2025scaling,maimon2025slamming,arxiv
maimon2025scaling,polyak2021speech,arxiv
maimon2025scaling,popuri2022enhanced,arxiv
maimon2025scaling,qwen2025qwen25technicalreport,arxiv
maimon2025scaling,qwen_audio,arxiv
maimon2025scaling,radford2023robust,arxiv
maimon2025scaling,salmonn,arxiv
maimon2025scaling,sicherman2023analysing,arxiv
maimon2025scaling,wang2023neural,arxiv
maimon2025scaling,wang2023viola,arxiv
maimon2025scaling,yang2021superb,arxiv
maimon2025scaling,zeghidour2021soundstream,arxiv
maimon2025scaling,zengscaling,arxiv
maimon2025scaling,zhang2023speechgpt,arxiv
maimon2025slamming,7178964,paperId
maimon2025slamming,borsos2023audiolm,arxiv
maimon2025slamming,cuervo2024scalingpropertiesspeechlanguag,arxiv
maimon2025slamming,cui2024recent,arxiv
maimon2025slamming,defossez2024moshi,arxiv
maimon2025slamming,dunbar2021zero,arxiv
maimon2025slamming,elmakies2025unsupervised,arxiv
maimon2025slamming,gu2021efficiently,arxiv
maimon2025slamming,hsu2021hubert,arxiv
maimon2025slamming,ji2024wavchat,arxiv
maimon2025slamming,kharitonov2022textfreeprosodyawaregenerativespoken,arxiv
maimon2025slamming,lakhotia2021generative,paperId
maimon2025slamming,latif2023sparks,arxiv
maimon2025slamming,lin2024alignslm,arxiv
maimon2025slamming,maimon2023speaking,arxiv
maimon2025slamming,maimon2024suite,arxiv
maimon2025slamming,nguyen2024spiritlminterleavedspokenwritten,paperId
maimon2025slamming,park2024long,arxiv
maimon2025slamming,polyak2021speech,arxiv
maimon2025slamming,qwen_audio,arxiv
maimon2025slamming,radford2023robust,arxiv
maimon2025slamming,wang2023neural,arxiv
maimon2025slamming,yang2024uniaudio,paperId
maimon2025slamming,zengscaling,arxiv
manilow2019cutting,hershey2016deep,arxiv
manilow2019cutting,le2019sdr,arxiv
mars6,1360861705599880960,arxiv
mars6,defossez2022high,arxiv
mars6,kang2024libriheavy,arxiv
mars6,kumar2023high,arxiv
mars6,radford2023robust,arxiv
mars6,siuzdak2024snac,arxiv
mars6,snyder2018x,paperId
mars6,transformer,arxiv
mars6,wang2023neural,arxiv
mars6,yamagishi2019cstr,paperId
mentzer2023finite,devlin2019bert,arxiv
mentzer2023finite,dhariwal2020jukebox,arxiv
mentzer2023finite,esser2021taming,arxiv
mentzer2023finite,vqvae2017,arxiv
mentzer2023finite,zeghidour2021soundstream,arxiv
messica2024nast,Jang2016Gumbel,arxiv
messica2024nast,baevski2020wav2vec,arxiv
messica2024nast,borsos2023audiolm,arxiv
messica2024nast,chen2022wavlm,arxiv
messica2024nast,erdogan2023tokensplit,arxiv
messica2024nast,gemmeke2017audio,paperId
messica2024nast,gulati_conformer,arxiv
messica2024nast,hassid2023textually,arxiv
messica2024nast,hsu2021hubert,arxiv
messica2024nast,kharitonov2022textfreeprosodyawaregenerativespoken,arxiv
messica2024nast,kharitonov2023speak,arxiv
messica2024nast,lakhotia2021generative,paperId
messica2024nast,maimon2023speaking,arxiv
messica2024nast,nguyen2020zeroresourcespeechbenchmark,arxiv
messica2024nast,nguyen2023generative,arxiv
messica2024nast,polyak2021speech,arxiv
messica2024nast,popuri2022enhanced,arxiv
messica2024nast,wang2023selm,arxiv
morise2016world,atal1970speech,paperId
mousavi2024,1360861705599880960,arxiv
mousavi2024,GoodBengCour16,title_exact
mousavi2024,ardila2019common,arxiv
mousavi2024,baevski2020wav2vec,arxiv
mousavi2024,borsos2023audiolm,arxiv
mousavi2024,busso2008iemocap,paperId
mousavi2024,chang2023exploration,arxiv
mousavi2024,chang2023exploring,arxiv
mousavi2024,chen2022wavlm,arxiv
mousavi2024,chen2023lauragpt,arxiv
mousavi2024,chung2021w2v,arxiv
mousavi2024,defossez2022high,arxiv
mousavi2024,desplanques2020ecapa,arxiv
mousavi2024,du2023funcodec,arxiv
mousavi2024,dwer,title_exact
mousavi2024,geminiteam2023gemini,title_exact
mousavi2024,guided-attention,arxiv
mousavi2024,hsu2021hubert,arxiv
mousavi2024,kong2020hifigan,arxiv
mousavi2024,kumar2023high,arxiv
mousavi2024,ljspeech17,title_exact
mousavi2024,nagrani2017voxceleb,arxiv
mousavi2024,polyak2021speech,arxiv
mousavi2024,prenger2018waveglow,arxiv
mousavi2024,radford2023robust,arxiv
mousavi2024,reddy2022dnsmos,arxiv
mousavi2024,rubenstein2023audiopalm,arxiv
mousavi2024,srivastava2014dropout,paperId
mousavi2024,transformer,arxiv
mousavi2024,wang2023neural,arxiv
mousavi2024,wang2023selm,arxiv
mousavi2024,wang2023speechx,arxiv
mousavi2024,wang2023viola,arxiv
mousavi2024,wells2022phonetic,paperId
mousavi2024,wichern2019wham,arxiv
mousavi2024,yang2021superb,arxiv
mousavi2024,yang2023hifi,arxiv
mousavi2024,yang2023towards,arxiv
mousavi2024,zaiem2023icassp,arxiv
mousavi2024,zaiem2023speech,arxiv
mousavi2024,zaiem2025speech,arxiv
mousavi2024,zeghidour2021soundstream,arxiv
mousavi2024,zhang2023dub,arxiv
mousavi2024dasb,1360861705599880960,arxiv
mousavi2024dasb,GoodBengCour16,title_exact
mousavi2024dasb,JMLR:v24:22-1144,arxiv
mousavi2024dasb,Rabiner:1993dq,paperId
mousavi2024dasb,agostinelli2023musiclm,arxiv
mousavi2024dasb,ardila2019common,arxiv
mousavi2024dasb,baevski2020wav2vec,arxiv
mousavi2024dasb,bastianelli2020slurp,arxiv
mousavi2024dasb,bogdanov2019mtg,paperId
mousavi2024dasb,borsos2023audiolm,arxiv
mousavi2024dasb,busso2008iemocap,paperId
mousavi2024dasb,chang2023exploration,arxiv
mousavi2024dasb,chang2023exploring,arxiv
mousavi2024dasb,chen2022wavlm,arxiv
mousavi2024dasb,chen2023lauragpt,arxiv
mousavi2024dasb,chung2021w2v,arxiv
mousavi2024dasb,cosentino2020librimix,arxiv
mousavi2024dasb,defossez2022high,arxiv
mousavi2024dasb,desplanques2020ecapa,arxiv
mousavi2024dasb,devlin2019bert,arxiv
mousavi2024dasb,dietz2015overview,paperId
mousavi2024dasb,du2023funcodec,arxiv
mousavi2024dasb,dubey2024icassp,arxiv
mousavi2024dasb,dwer,title_exact
mousavi2024dasb,erdogan2023tokensplit,arxiv
mousavi2024dasb,fonseca2021fsd50k,arxiv
mousavi2024dasb,geminiteam2023gemini,title_exact
mousavi2024dasb,gemmeke2017audio,paperId
mousavi2024dasb,guided-attention,arxiv
mousavi2024dasb,gulati_conformer,arxiv
mousavi2024dasb,han2020contextnet,arxiv
mousavi2024dasb,hsu2021hubert,arxiv
mousavi2024dasb,kharitonov2023speak,arxiv
mousavi2024dasb,kolbaek2017multitalker,paperId
mousavi2024dasb,kong2020panns,arxiv
mousavi2024dasb,korvas_2014,title_exact
mousavi2024dasb,kreuk2022audiogen,arxiv
mousavi2024dasb,kumar2023high,arxiv
mousavi2024dasb,li2023mert,arxiv
mousavi2024dasb,mousavi2024,paperId
mousavi2024dasb,mysore2014can,paperId
mousavi2024dasb,nagrani2017voxceleb,arxiv
mousavi2024dasb,piczak2015esc,paperId
mousavi2024dasb,polyak2021speech,arxiv
mousavi2024dasb,puvvada2023discrete,paperId
mousavi2024dasb,radford2023robust,arxiv
mousavi2024dasb,reddy2022dnsmos,arxiv
mousavi2024dasb,rubenstein2023audiopalm,arxiv
mousavi2024dasb,snyder2018x,paperId
mousavi2024dasb,tacotron2,arxiv
mousavi2024dasb,touvron2023llama,arxiv
mousavi2024dasb,transformer,arxiv
mousavi2024dasb,tzanetakis2002musical,paperId
mousavi2024dasb,valentinibotinhao2016voicebank,paperId
mousavi2024dasb,valin2012definition,paperId
mousavi2024dasb,van2022comparison,arxiv
mousavi2024dasb,vqvae2017,arxiv
mousavi2024dasb,wang2018additive,arxiv
mousavi2024dasb,wang2022usb,arxiv
mousavi2024dasb,wang2023neural,arxiv
mousavi2024dasb,wang2023selm,arxiv
mousavi2024dasb,wang2023speechx,arxiv
mousavi2024dasb,wang2023viola,arxiv
mousavi2024dasb,wang2024evaluating,arxiv
mousavi2024dasb,warden2017speech,arxiv
mousavi2024dasb,wells2022phonetic,paperId
mousavi2024dasb,wu2023audiodec,arxiv
mousavi2024dasb,wu2024codec,arxiv
mousavi2024dasb,yamagishi2019cstr,paperId
mousavi2024dasb,yang2021superb,arxiv
mousavi2024dasb,yang2023hifi,arxiv
mousavi2024dasb,yang2023towards,arxiv
mousavi2024dasb,zaiem2023speech,arxiv
mousavi2024dasb,zeghidour2021soundstream,arxiv
mousavi2024dasb,zhang2023dub,arxiv
mousavi2024dasb,zhang2023speechtokenizer,arxiv
mousavi2025listen,7178964,paperId
mousavi2025listen,ardila2019common,arxiv
mousavi2025listen,busso2008iemocap,paperId
mousavi2025listen,chang2022speechprompt,arxiv
mousavi2025listen,chang2023speechprompt,arxiv
mousavi2025listen,lester2021power,arxiv
mousavi2025listen,nagrani2017voxceleb,arxiv
mousavi2025listen,radford2023robust,arxiv
mousavi2025listen,rubenstein2023audiopalm,arxiv
mousavi2025listen,salmonn,arxiv
mousavi2025listen,wu2023speechgen,arxiv
mousavi2025listen,zeghidour2021soundstream,arxiv
mousavi2025listen,zhan2024anygpt,arxiv
nguyen2020zeroresourcespeechbenchmark,7178964,paperId
nguyen2020zeroresourcespeechbenchmark,baevski2020wav2vec,arxiv
nguyen2020zeroresourcespeechbenchmark,devlin2019bert,arxiv
nguyen2020zeroresourcespeechbenchmark,transformer,arxiv
nguyen2023generative,baevski2020wav2vec,arxiv
nguyen2023generative,borsos2023audiolm,arxiv
nguyen2023generative,hsu2021hubert,arxiv
nguyen2023generative,kharitonov2022textfreeprosodyawaregenerativespoken,arxiv
nguyen2023generative,kong2020hifigan,arxiv
nguyen2023generative,lakhotia2021generative,paperId
nguyen2023generative,polyak2021speech,arxiv
nguyen2023generative,vqvae2017,arxiv
nguyen2023generative,yang2021superb,arxiv
nguyen2024spiritlminterleavedspokenwritten,7178964,paperId
nguyen2024spiritlminterleavedspokenwritten,JMLR:v24:22-1144,arxiv
nguyen2024spiritlminterleavedspokenwritten,ardila2019common,arxiv
nguyen2024spiritlminterleavedspokenwritten,baevski2020wav2vec,arxiv
nguyen2024spiritlminterleavedspokenwritten,borsos2023audiolm,arxiv
nguyen2024spiritlminterleavedspokenwritten,chang2023speechprompt,arxiv
nguyen2024spiritlminterleavedspokenwritten,chen2022wavlm,arxiv
nguyen2024spiritlminterleavedspokenwritten,chung2021w2v,arxiv
nguyen2024spiritlminterleavedspokenwritten,gpt,arxiv
nguyen2024spiritlminterleavedspokenwritten,hassid2023textually,arxiv
nguyen2024spiritlminterleavedspokenwritten,hsu2021hubert,arxiv
nguyen2024spiritlminterleavedspokenwritten,kharitonov2022textfreeprosodyawaregenerativespoken,arxiv
nguyen2024spiritlminterleavedspokenwritten,kong2020hifigan,arxiv
nguyen2024spiritlminterleavedspokenwritten,lakhotia2021generative,paperId
nguyen2024spiritlminterleavedspokenwritten,nguyen2020zeroresourcespeechbenchmark,arxiv
nguyen2024spiritlminterleavedspokenwritten,polyak2021speech,arxiv
nguyen2024spiritlminterleavedspokenwritten,radford2023robust,arxiv
nguyen2024spiritlminterleavedspokenwritten,rubenstein2023audiopalm,arxiv
nguyen2024spiritlminterleavedspokenwritten,touvron2023llama,arxiv
nguyen2024spiritlminterleavedspokenwritten,transformer,arxiv
nguyen2024spiritlminterleavedspokenwritten,vqvae2017,arxiv
nguyen2024spiritlminterleavedspokenwritten,wang2023neural,arxiv
nguyen2024spiritlminterleavedspokenwritten,yang2021superb,arxiv
nguyen2024spiritlminterleavedspokenwritten,zeghidour2021soundstream,arxiv
nguyen2024spiritlminterleavedspokenwritten,zhang2023speechgpt,arxiv
niu2024ndvq,chen2022wavlm,arxiv
niu2024ndvq,defossez2022high,arxiv
niu2024ndvq,dietz2015overview,paperId
niu2024ndvq,ho2020denoising,arxiv
niu2024ndvq,hsu2021hubert,arxiv
niu2024ndvq,kumar2023high,arxiv
niu2024ndvq,le2019sdr,arxiv
niu2024ndvq,o1988linear,paperId
niu2024ndvq,valin2012definition,paperId
niu2024ndvq,vqvae2017,arxiv
niu2024ndvq,wang2023neural,arxiv
niu2024ndvq,zeghidour2021soundstream,arxiv
niu2024ndvq,zen2019libritts,paperId
ogawa2021tohoku,7178964,paperId
ogawa2021tohoku,ljspeech17,title_exact
ogawa2021tohoku,oord2016wavenet,arxiv
ogawa2021tohoku,tacotron2,arxiv
ogawa2021tohoku,takamichi2020jsut,paperId
ogawa2021tohoku,zen2019libritts,paperId
omran2023disentangling,Kavalerov2019UniversalSS,arxiv
omran2023disentangling,garbacea2019low,arxiv
omran2023disentangling,kankanahalli2018end,arxiv
omran2023disentangling,polyak2021speech,arxiv
omran2023disentangling,valin2012definition,paperId
omran2023disentangling,yang2021source,arxiv
omran2023disentangling,zeghidour2021soundstream,arxiv
oord2016wavenet,Rabiner:1993dq,paperId
oord2016wavenet,morise2016world,paperId
park2024long,7178964,paperId
park2024long,ardila2019common,arxiv
park2024long,baevski2020wav2vec,arxiv
park2024long,borsos2023soundstorm,arxiv
park2024long,defossez2024moshi,arxiv
park2024long,gu2021efficiently,arxiv
park2024long,hassid2023textually,arxiv
park2024long,hsu2021hubert,arxiv
park2024long,kharitonov2022textfreeprosodyawaregenerativespoken,arxiv
park2024long,lakhotia2021generative,paperId
park2024long,nguyen2020zeroresourcespeechbenchmark,arxiv
park2024long,nguyen2023generative,arxiv
park2024long,nguyen2024spiritlminterleavedspokenwritten,paperId
park2024long,rubenstein2023audiopalm,arxiv
park2024long,transformer,arxiv
park2024long,vqvae2017,arxiv
park2024long,zeghidour2021soundstream,arxiv
park2024long,zhang2023googleusm,arxiv
park2024long,zhang2023speechgpt,arxiv
parker2024scaling,borsos2023audiolm,arxiv
parker2024scaling,chen2022wavlm,arxiv
parker2024scaling,copet2024musicgen,arxiv
parker2024scaling,defossez2022high,arxiv
parker2024scaling,defossez2024moshi,arxiv
parker2024scaling,garcia2023vampnet,arxiv
parker2024scaling,grattafiori2024llama3herdmodels,arxiv
parker2024scaling,hsu2021hubert,arxiv
parker2024scaling,kong2020hifigan,arxiv
parker2024scaling,kumar2023high,arxiv
parker2024scaling,le2019sdr,arxiv
parker2024scaling,li2024single,arxiv
parker2024scaling,liu2023audioldm,paperId
parker2024scaling,liu2024audioldm2,paperId
parker2024scaling,liu2024semanticodec,arxiv
parker2024scaling,mentzer2023finite,arxiv
parker2024scaling,mousavi2024,paperId
parker2024scaling,oord2016wavenet,arxiv
parker2024scaling,painter2000perceptual,paperId
parker2024scaling,polyak2021speech,arxiv
parker2024scaling,simplespeech,arxiv
parker2024scaling,transformer,arxiv
parker2024scaling,wang2023neural,arxiv
parker2024scaling,zeghidour2021soundstream,arxiv
parker2024scaling,zhang2023speechgpt,arxiv
parker2024scaling,zhang2023speechtokenizer,arxiv
pasad2023comparative,7178964,paperId
pasad2023comparative,baevski2020wav2vec,arxiv
pasad2023comparative,bastianelli2020slurp,arxiv
pasad2023comparative,chen2022wavlm,arxiv
pasad2023comparative,yang2021superb,arxiv
pascual2024masked,agostinelli2023musiclm,arxiv
pascual2024masked,borsos2023audiolm,arxiv
pascual2024masked,borsos2023soundstorm,arxiv
pascual2024masked,copet2024musicgen,arxiv
pascual2024masked,defossez2022high,arxiv
pascual2024masked,dong2023clipsonic,arxiv
pascual2024masked,esser2021taming,arxiv
pascual2024masked,fadtk,arxiv
pascual2024masked,garcia2023vampnet,arxiv
pascual2024masked,gemmeke2017audio,paperId
pascual2024masked,huang2022mulan,arxiv
pascual2024masked,kreuk2022audiogen,arxiv
pascual2024masked,kumar2023high,arxiv
pascual2024masked,liu2024audioldm2,paperId
pascual2024masked,luo2023diff,arxiv
pascual2024masked,oord2016wavenet,arxiv
pascual2024masked,sheffer2023hear,arxiv
pascual2024masked,transformer,arxiv
pascual2024masked,wang2024v2a,arxiv
pascual2024masked,zeghidour2021soundstream,arxiv
pascual2024masked,ziv2024masked,arxiv
peng2024survey,7178964,paperId
peng2024survey,ardila2019common,arxiv
peng2024survey,arora2025landscape,arxiv
peng2024survey,baevski2020wav2vec,arxiv
peng2024survey,bastianelli2020slurp,arxiv
peng2024survey,busso2008iemocap,paperId
peng2024survey,chen2022wavlm,arxiv
peng2024survey,chung2021w2v,arxiv
peng2024survey,cui2024recent,arxiv
peng2024survey,defossez2022high,arxiv
peng2024survey,gpt,arxiv
peng2024survey,gulati_conformer,arxiv
peng2024survey,hsu2021hubert,arxiv
peng2024survey,ji2024wavchat,arxiv
peng2024survey,kong2020hifigan,arxiv
peng2024survey,qwen2025qwen25technicalreport,arxiv
peng2024survey,qwen_audio,arxiv
peng2024survey,radford2023robust,arxiv
peng2024survey,rubenstein2023audiopalm,arxiv
peng2024survey,salmonn,arxiv
peng2024survey,vqvae2017,arxiv
peng2024survey,wang2023neural,arxiv
peng2024survey,xu2025qwen2,arxiv
peng2024survey,yang2021superb,arxiv
peng2024survey,zeghidour2021soundstream,arxiv
peng2024survey,zhan2024anygpt,arxiv
peng2024survey,zhang2023speechgpt,arxiv
petermann2021harp,Kleijn2018wavenet,arxiv
petermann2021harp,agustsson2017soft,arxiv
petermann2021harp,garbacea2019low,arxiv
petermann2021harp,kankanahalli2018end,arxiv
petermann2021harp,oord2016wavenet,arxiv
petermann2021harp,valin2012definition,paperId
petermann2021harp,valin2019lpcnet,paperId
petermann2021harp,valin2019real,arxiv
petermann2021harp,zhen2020psychoacoustic,arxiv
polyak2021speech,7178964,paperId
polyak2021speech,Kleijn2018wavenet,arxiv
polyak2021speech,atal1970speech,paperId
polyak2021speech,baevski2020wav2vec,arxiv
polyak2021speech,devlin2019bert,arxiv
polyak2021speech,dhariwal2020jukebox,arxiv
polyak2021speech,garbacea2019low,arxiv
polyak2021speech,kong2020hifigan,arxiv
polyak2021speech,lakhotia2021generative,paperId
polyak2021speech,ljspeech17,title_exact
polyak2021speech,nagrani2017voxceleb,arxiv
polyak2021speech,oord2016wavenet,arxiv
polyak2021speech,prenger2018waveglow,arxiv
polyak2021speech,transformer,arxiv
polyak2021speech,valin2012definition,paperId
polyak2021speech,valin2019lpcnet,paperId
polyak2021speech,valin2019real,arxiv
polyak2021speech,vqvae2017,arxiv
popuri2022enhanced,7178964,paperId
popuri2022enhanced,ardila2019common,arxiv
popuri2022enhanced,baevski2020wav2vec,arxiv
popuri2022enhanced,chen2022wavlm,arxiv
popuri2022enhanced,gulati_conformer,arxiv
popuri2022enhanced,hsu2021hubert,arxiv
popuri2022enhanced,kharitonov2022textfreeprosodyawaregenerativespoken,arxiv
popuri2022enhanced,lakhotia2021generative,paperId
popuri2022enhanced,polyak2021speech,arxiv
popuri2022enhanced,transformer,arxiv
popuri2022enhanced,yang2021superb,arxiv
prenger2018waveglow,ljspeech17,title_exact
prenger2018waveglow,oord2016wavenet,arxiv
prenger2018waveglow,tacotron2,arxiv
puvvada2023discrete,7178964,paperId
puvvada2023discrete,agostinelli2023musiclm,arxiv
puvvada2023discrete,ardila2019common,arxiv
puvvada2023discrete,borsos2023audiolm,arxiv
puvvada2023discrete,chen2022wavlm,arxiv
puvvada2023discrete,chung2021w2v,arxiv
puvvada2023discrete,defossez2022high,arxiv
puvvada2023discrete,gpt,arxiv
puvvada2023discrete,gulati_conformer,arxiv
puvvada2023discrete,hsu2021hubert,arxiv
puvvada2023discrete,kumar2023high,arxiv
puvvada2023discrete,radford2023robust,arxiv
puvvada2023discrete,rubenstein2023audiopalm,arxiv
puvvada2023discrete,touvron2023llama,arxiv
puvvada2023discrete,wang2023neural,arxiv
puvvada2023discrete,wang2023viola,arxiv
puvvada2023discrete,zeghidour2021soundstream,arxiv
puvvada2023discrete,zhang2023googleusm,arxiv
qwen_audio,7178964,paperId
qwen_audio,JMLR:v24:22-1144,arxiv
qwen_audio,chen2022wavlm,arxiv
qwen_audio,defossez2022high,arxiv
qwen_audio,gpt,arxiv
qwen_audio,hsu2021hubert,arxiv
qwen_audio,mcauliffe2017montreal,paperId
qwen_audio,radford2023robust,arxiv
qwen_audio,raffel2020exploring,arxiv
qwen_audio,rubenstein2023audiopalm,arxiv
qwen_audio,transformer,arxiv
qwen_audio,wang2023speechx,arxiv
qwen_audio,wang2023viola,arxiv
qwen_audio,zeghidour2021soundstream,arxiv
qwen_audio,zhang2023googleusm,arxiv
qwen_audio,zhang2023speechgpt,arxiv
qwen_audio,zhang2023speechtokenizer,arxiv
radford2023robust,7178964,paperId
radford2023robust,ardila2019common,arxiv
radford2023robust,baevski2020wav2vec,arxiv
radford2023robust,hsu2021hubert,arxiv
radford2023robust,raffel2020exploring,arxiv
radford2023robust,srivastava2014dropout,paperId
radford2023robust,transformer,arxiv
radhakrishnan2023whispering,chang2023speechprompt,arxiv
radhakrishnan2023whispering,espnet,arxiv
radhakrishnan2023whispering,radford2023robust,arxiv
radhakrishnan2023whispering,transformer,arxiv
raffel2020exploring,devlin2019bert,arxiv
raffel2020exploring,srivastava2014dropout,paperId
raffel2020exploring,transformer,arxiv
ren2020fastspeech,mcauliffe2017montreal,paperId
ren2020fastspeech,oord2016wavenet,arxiv
ren2020fastspeech,prenger2018waveglow,arxiv
ren2020fastspeech,ren2019fastspeech,title_exact
ren2020fastspeech,tacotron2,arxiv
ren2020fastspeech,transformer,arxiv
ren2024emo,borsos2023soundstorm,arxiv
ren2024emo,defossez2022high,arxiv
ren2024emo,du2023funcodec,arxiv
ren2024emo,huang2023dynamic,arxiv
ren2024emo,kuan2023towards,arxiv
ren2024emo,kumar2023high,arxiv
ren2024emo,touvron2023llama,arxiv
ren2024emo,wang2023neural,arxiv
ren2024emo,wang2023speechx,arxiv
ren2024emo,wang2023viola,arxiv
ren2024emo,wu2023audiodec,arxiv
ren2024emo,wu2024codec,arxiv
ren2024emo,wu2024towards,arxiv
ren2024emo,yang2021superb,arxiv
ren2024emo,yang2023hifi,arxiv
ren2024emo,zeghidour2021soundstream,arxiv
ren2024emo,zhan2024anygpt,arxiv
ren2024emo,zhang2023speechtokenizer,arxiv
ren2024ticodec,Kleijn2018wavenet,arxiv
ren2024ticodec,borsos2023soundstorm,arxiv
ren2024ticodec,defossez2022high,arxiv
ren2024ticodec,garbacea2019low,arxiv
ren2024ticodec,hsu2021hubert,arxiv
ren2024ticodec,kharitonov2023speak,arxiv
ren2024ticodec,kong2020hifigan,arxiv
ren2024ticodec,kumar2023high,arxiv
ren2024ticodec,oord2016wavenet,arxiv
ren2024ticodec,vqvae2017,arxiv
ren2024ticodec,wang2023neural,arxiv
ren2024ticodec,yang2023hifi,arxiv
ren2024ticodec,zeghidour2021soundstream,arxiv
ren2024ticodec,zen2019libritts,paperId
rombach2022high,devlin2019bert,arxiv
rombach2022high,esser2021taming,arxiv
rombach2022high,goodfellow2020generative,paperId
rombach2022high,ho2020denoising,arxiv
rombach2022high,transformer,arxiv
rombach2022high,vqvae2017,arxiv
rombach2022high,wolf2020huggingfacestransformersstateoftheartnatural,arxiv
rouard2022hybrid,LuoY2019conv-tasnet,arxiv
rouard2022hybrid,gpt,arxiv
rouard2022hybrid,rombach2022high,arxiv
rouard2022hybrid,transformer,arxiv
rouard2024audio,agostinelli2023musiclm,arxiv
rouard2024audio,chen2024musicldm,arxiv
rouard2024audio,copet2024musicgen,arxiv
rouard2024audio,defossez2022high,arxiv
rouard2024audio,garcia2023vampnet,arxiv
rouard2024audio,huang2022mulan,arxiv
rouard2024audio,kharitonov2022textfreeprosodyawaregenerativespoken,arxiv
rouard2024audio,koutini2021passt,arxiv
rouard2024audio,lam2023efficient,arxiv
rouard2024audio,li2023mert,arxiv
rouard2024audio,liu2024audioldm2,paperId
rouard2024audio,raffel2020exploring,arxiv
rouard2024audio,rouard2022hybrid,arxiv
rouard2024audio,transformer,arxiv
rouard2024audio,wu2023large,arxiv
rouard2024audio,zeghidour2021soundstream,arxiv
rouard2024audio,ziv2024masked,arxiv
rubenstein2023audiopalm,JMLR:v24:22-1144,arxiv
rubenstein2023audiopalm,agostinelli2023musiclm,arxiv
rubenstein2023audiopalm,ardila2019common,arxiv
rubenstein2023audiopalm,baevski2020wav2vec,arxiv
rubenstein2023audiopalm,borsos2023audiolm,arxiv
rubenstein2023audiopalm,borsos2023soundstorm,arxiv
rubenstein2023audiopalm,chen2022wavlm,arxiv
rubenstein2023audiopalm,chiu2022bestrq,arxiv
rubenstein2023audiopalm,chung2021w2v,arxiv
rubenstein2023audiopalm,defossez2022high,arxiv
rubenstein2023audiopalm,devlin2019bert,arxiv
rubenstein2023audiopalm,gpt,arxiv
rubenstein2023audiopalm,hassid2023textually,arxiv
rubenstein2023audiopalm,hsu2021hubert,arxiv
rubenstein2023audiopalm,kharitonov2023speak,arxiv
rubenstein2023audiopalm,kreuk2022audiogen,arxiv
rubenstein2023audiopalm,lakhotia2021generative,paperId
rubenstein2023audiopalm,radford2023robust,arxiv
rubenstein2023audiopalm,raffel2020exploring,arxiv
rubenstein2023audiopalm,transformer,arxiv
rubenstein2023audiopalm,wang2023neural,arxiv
rubenstein2023audiopalm,zeghidour2021soundstream,arxiv
rubenstein2023audiopalm,zhang2023googleusm,arxiv
salmonn,7178964,paperId
salmonn,audiocaps,paperId
salmonn,bastianelli2020slurp,arxiv
salmonn,busso2008iemocap,paperId
salmonn,chen2022wavlm,arxiv
salmonn,cosentino2020librimix,arxiv
salmonn,gpt,arxiv
salmonn,huang2023dynamic,arxiv
salmonn,li2023mert,arxiv
salmonn,radford2023robust,arxiv
salmonn,rubenstein2023audiopalm,arxiv
salmonn,transformer,arxiv
salmonn,zhang2023speechgpt,arxiv
san2023discrete,agostinelli2023musiclm,arxiv
san2023discrete,ardila2019common,arxiv
san2023discrete,audiocaps,paperId
san2023discrete,bogdanov2019mtg,paperId
san2023discrete,copet2024musicgen,arxiv
san2023discrete,defossez2022high,arxiv
san2023discrete,fonseca2021fsd50k,arxiv
san2023discrete,gemmeke2017audio,paperId
san2023discrete,ho2020denoising,arxiv
san2023discrete,hsu2021hubert,arxiv
san2023discrete,kharitonov2022textfreeprosodyawaregenerativespoken,arxiv
san2023discrete,kharitonov2023speak,arxiv
san2023discrete,kong2020hifigan,arxiv
san2023discrete,kreuk2022audiogen,arxiv
san2023discrete,kumar2023high,arxiv
san2023discrete,oord2016wavenet,arxiv
san2023discrete,polyak2021speech,arxiv
san2023discrete,valin2012definition,paperId
san2023discrete,wang2023neural,arxiv
san2023discrete,zeghidour2021soundstream,arxiv
sheffer2023hear,dhariwal2020jukebox,arxiv
sheffer2023hear,gemmeke2017audio,paperId
sheffer2023hear,koutini2021passt,arxiv
sheffer2023hear,kreuk2022audiogen,arxiv
sheffer2023hear,oord2016wavenet,arxiv
sheffer2023hear,transformer,arxiv
shi2021discretization,Kleijn2018wavenet,arxiv
shi2021discretization,LuoY2019conv-tasnet,arxiv
shi2021discretization,atal1970speech,paperId
shi2021discretization,hayashi2020discretalk,arxiv
shi2021discretization,hershey2016deep,arxiv
shi2021discretization,kolbaek2017multitalker,paperId
shi2021discretization,kong2020hifigan,arxiv
shi2021discretization,polyak2021speech,arxiv
shi2021discretization,vqvae2017,arxiv
shi2021discretization,yang2021superb,arxiv
shi2021highland,espnet,arxiv
shi2021highland,shi2021leveraging,paperId
shi2021leveraging,espnet,arxiv
shi2021leveraging,gulati_conformer,arxiv
shi2024espnet,1360861705599880960,arxiv
shi2024espnet,7178964,paperId
shi2024espnet,bastianelli2020slurp,arxiv
shi2024espnet,chang2023exploration,arxiv
shi2024espnet,chang2023exploring,arxiv
shi2024espnet,chen2022wavlm,arxiv
shi2024espnet,chiu2022bestrq,arxiv
shi2024espnet,copet2024musicgen,arxiv
shi2024espnet,dai2023singstyle111,paperId
shi2024espnet,defossez2022high,arxiv
shi2024espnet,desplanques2020ecapa,arxiv
shi2024espnet,du2023funcodec,arxiv
shi2024espnet,espnet,arxiv
shi2024espnet,hayashi2020discretalk,arxiv
shi2024espnet,hsu2021hubert,arxiv
shi2024espnet,huang2021multi,arxiv
shi2024espnet,ju2024naturalspeech,arxiv
shi2024espnet,kim2021conditional,arxiv
shi2024espnet,koguchi2020pjs,arxiv
shi2024espnet,kong2020hifigan,arxiv
shi2024espnet,kumar2023high,arxiv
shi2024espnet,le2019sdr,arxiv
shi2024espnet,nagrani2017voxceleb,arxiv
shi2024espnet,ogawa2021tohoku,paperId
shi2024espnet,puvvada2023discrete,paperId
shi2024espnet,radford2023robust,arxiv
shi2024espnet,ren2020fastspeech,arxiv
shi2024espnet,shi2021aishell,paperId
shi2024espnet,shi2021highland,paperId
shi2024espnet,shi2021leveraging,paperId
shi2024espnet,shi2024mmm,arxiv
shi2024espnet,shi2024singing,arxiv
shi2024espnet,simplespeech,arxiv
shi2024espnet,tacotron2,arxiv
shi2024espnet,takamichi2020jsut,paperId
shi2024espnet,tang2024singomd,paperId
shi2024espnet,wang2022opencpop,arxiv
shi2024espnet,wang2023neural,arxiv
shi2024espnet,wang2023speechx,arxiv
shi2024espnet,wang2023viola,arxiv
shi2024espnet,wu2023audiodec,arxiv
shi2024espnet,wu2024codec,arxiv
shi2024espnet,wu2024toksing,arxiv
shi2024espnet,yan2023espnet,arxiv
shi2024espnet,yang2021superb,arxiv
shi2024espnet,yang2023hifi,arxiv
shi2024espnet,yang2023towards,arxiv
shi2024espnet,yip2024towards,arxiv
shi2024espnet,zeghidour2021soundstream,arxiv
shi2024espnet,zen2019libritts,paperId
shi2024espnet,zhang2022m4singer,paperId
shi2024espnet,zhang2023speechgpt,arxiv
shi2024mmm,1360861705599880960,arxiv
shi2024mmm,7178964,paperId
shi2024mmm,baevski2020wav2vec,arxiv
shi2024mmm,borsos2023soundstorm,arxiv
shi2024mmm,chang2023exploration,arxiv
shi2024mmm,chang2023exploring,arxiv
shi2024mmm,chen2022wavlm,arxiv
shi2024mmm,chiu2022bestrq,arxiv
shi2024mmm,copet2024musicgen,arxiv
shi2024mmm,defossez2022high,arxiv
shi2024mmm,espnet,arxiv
shi2024mmm,hayashi2020discretalk,arxiv
shi2024mmm,hsu2021hubert,arxiv
shi2024mmm,polyak2021speech,arxiv
shi2024mmm,radford2023robust,arxiv
shi2024mmm,wang2023neural,arxiv
shi2024mmm,wang2023speechx,arxiv
shi2024mmm,wu2024codec,arxiv
shi2024mmm,yan2023espnet,arxiv
shi2024mmm,yang2021superb,arxiv
shi2024mmm,yang2023hifi,arxiv
shi2024mmm,yang2023towards,arxiv
shi2024mmm,zeghidour2021soundstream,arxiv
shi2024mmm,zhang2023dub,arxiv
shi2024singing,dai2023singstyle111,paperId
shi2024singing,gulati_conformer,arxiv
shi2024singing,huang2021multi,arxiv
shi2024singing,kim2021conditional,arxiv
shi2024singing,ogawa2021tohoku,paperId
shi2024singing,wang2022opencpop,arxiv
shi2024singing,zhang2022m4singer,paperId
shi2024versa,7178964,paperId
shi2024versa,LuoY2019conv-tasnet,arxiv
shi2024versa,Wu2024TS3CodecTS,arxiv
shi2024versa,chen2024musicldm,arxiv
shi2024versa,defossez2024moshi,arxiv
shi2024versa,du2024cosyvoiceAS,arxiv
shi2024versa,espnet,arxiv
shi2024versa,fadtk,arxiv
shi2024versa,fma_dataset,arxiv
shi2024versa,huang2023make,arxiv
shi2024versa,ji2024wavtokenizer,arxiv
shi2024versa,kim2021conditional,arxiv
shi2024versa,kumar2023high,arxiv
shi2024versa,liu2024audioldm2,paperId
shi2024versa,radford2023robust,arxiv
shi2024versa,reddy2022dnsmos,arxiv
shi2024versa,shi2024espnet,arxiv
shi2024versa,simplespeech,arxiv
shi2024versa,wu2023large,arxiv
shi2024versa,wu2024toksing,arxiv
shi2024versa,xin2024bigcodec,arxiv
sicherman2023analysing,7178964,paperId
sicherman2023analysing,baevski2020wav2vec,arxiv
sicherman2023analysing,borsos2023audiolm,arxiv
sicherman2023analysing,hsu2021hubert,arxiv
sicherman2023analysing,lakhotia2021generative,paperId
sicherman2023analysing,nguyen2023generative,arxiv
sicherman2023analysing,polyak2021speech,arxiv
sicherman2023analysing,prenger2018waveglow,arxiv
sicherman2023analysing,tacotron2,arxiv
sicherman2023analysing,wells2022phonetic,paperId
sicherman2023analysing,yang2021superb,arxiv
simplespeech,borsos2023audiolm,arxiv
simplespeech,borsos2023soundstorm,arxiv
simplespeech,defossez2022high,arxiv
simplespeech,devlin2019bert,arxiv
simplespeech,ho2020denoising,arxiv
simplespeech,hsu2021hubert,arxiv
simplespeech,huang2023make,arxiv
simplespeech,kharitonov2023speak,arxiv
simplespeech,kumar2023high,arxiv
simplespeech,mentzer2023finite,arxiv
simplespeech,radford2023robust,arxiv
simplespeech,ren2020fastspeech,arxiv
simplespeech,rombach2022high,arxiv
simplespeech,tacotron2,arxiv
simplespeech,vqvae2017,arxiv
simplespeech,wang2023neural,arxiv
simplespeech,yang2023hifi,arxiv
simplespeech,zen2019libritts,paperId
siuzdak2023vocos,1360861705599880960,arxiv
siuzdak2023vocos,bark2023,title_exact
siuzdak2023vocos,borsos2023audiolm,arxiv
siuzdak2023vocos,defossez2022high,arxiv
siuzdak2023vocos,kong2020hifigan,arxiv
siuzdak2023vocos,morise2016world,paperId
siuzdak2023vocos,oord2016wavenet,arxiv
siuzdak2023vocos,polyak2021speech,arxiv
siuzdak2023vocos,prenger2018waveglow,arxiv
siuzdak2023vocos,tacotron2,arxiv
siuzdak2023vocos,transformer,arxiv
siuzdak2023vocos,valin2019lpcnet,paperId
siuzdak2023vocos,wang2003modified,paperId
siuzdak2023vocos,zeghidour2021soundstream,arxiv
siuzdak2023vocos,zen2019libritts,paperId
siuzdak2024snac,borsos2023audiolm,arxiv
siuzdak2024snac,copet2024musicgen,arxiv
siuzdak2024snac,defossez2022high,arxiv
siuzdak2024snac,dhariwal2020jukebox,arxiv
siuzdak2024snac,garbacea2019low,arxiv
siuzdak2024snac,kankanahalli2018end,arxiv
siuzdak2024snac,kong2020hifigan,arxiv
siuzdak2024snac,kumar2023high,arxiv
siuzdak2024snac,mysore2014can,paperId
siuzdak2024snac,transformer,arxiv
siuzdak2024snac,valin2012definition,paperId
siuzdak2024snac,vqvae2017,arxiv
siuzdak2024snac,zeghidour2021soundstream,arxiv
somos,ljspeech17,title_exact
somos,tacotron2,arxiv
somos,valin2019lpcnet,paperId
speechbrain_ravanelli,LuoY2019conv-tasnet,arxiv
speechbrain_ravanelli,baevski2020wav2vec,arxiv
speechbrain_ravanelli,desplanques2020ecapa,arxiv
speechbrain_ravanelli,espnet,arxiv
speechbrain_ravanelli,gulati_conformer,arxiv
speechbrain_ravanelli,kong2020hifigan,arxiv
speechbrain_ravanelli,mousavi2024,paperId
speechbrain_ravanelli,mousavi2024dasb,arxiv
speechbrain_ravanelli,ren2020fastspeech,arxiv
speechbrain_ravanelli,tacotron2,arxiv
speechbrain_ravanelli,yang2021superb,arxiv
speechbrain_ravanelli,zaiem2023icassp,arxiv
speechbrain_ravanelli,zaiem2023speech,arxiv
tacotron2,oord2016wavenet,arxiv
tacotron2,srivastava2014dropout,paperId
takamichi2020jsut,morise2016world,paperId
takamichi2020jsut,oord2016wavenet,arxiv
tang2024singomd,baevski2020wav2vec,arxiv
tang2024singomd,borsos2023audiolm,arxiv
tang2024singomd,chang2023exploring,arxiv
tang2024singomd,chen2022wavlm,arxiv
tang2024singomd,chung2021w2v,arxiv
tang2024singomd,hayashi2020discretalk,arxiv
tang2024singomd,hsu2021hubert,arxiv
tang2024singomd,huang2021multi,arxiv
tang2024singomd,kong2020hifigan,arxiv
tang2024singomd,shi2021discretization,arxiv
tang2024singomd,shi2024singing,arxiv
tang2024singomd,wang2022opencpop,arxiv
tang2024singomd,wang2023neural,arxiv
tang2024singomd,wang2023selm,arxiv
tang2024singomd,yan2023espnet,arxiv
tang2024singomd,yang2021superb,arxiv
tang2024singomd,yang2023towards,arxiv
tang2024singomd,zhang2022m4singer,paperId
tian2025espnet,7178964,paperId
tian2025espnet,JMLR:v24:22-1144,arxiv
tian2025espnet,chen-etal-2024-towards-robust,arxiv
tian2025espnet,cuervo2024scalingpropertiesspeechlanguag,arxiv
tian2025espnet,cui2024recent,arxiv
tian2025espnet,defossez2024moshi,arxiv
tian2025espnet,du2024cosyvoiceAS,arxiv
tian2025espnet,espnet,arxiv
tian2025espnet,grattafiori2024llama3herdmodels,arxiv
tian2025espnet,kharitonov2023speak,arxiv
tian2025espnet,kumar2023high,arxiv
tian2025espnet,radford2023robust,arxiv
tian2025espnet,shi2024espnet,arxiv
tian2025espnet,transformer,arxiv
tian2025espnet,wang2023neural,arxiv
tian2025espnet,yang2021superb,arxiv
tian2025espnet,yang2024uniaudio,paperId
tian2025espnet,zeghidour2021soundstream,arxiv
tian2025espnet,zeng2024glm,arxiv
tong2023improving,ho2020denoising,arxiv
touvron2023llama,gpt,arxiv
transformer,srivastava2014dropout,paperId
turetzky2024last,baevski2020wav2vec,arxiv
turetzky2024last,borsos2023audiolm,arxiv
turetzky2024last,chang2023exploration,arxiv
turetzky2024last,chang2023exploring,arxiv
turetzky2024last,copet2024musicgen,arxiv
turetzky2024last,defossez2022high,arxiv
turetzky2024last,hassid2023textually,arxiv
turetzky2024last,hsu2021hubert,arxiv
turetzky2024last,kharitonov2022textfreeprosodyawaregenerativespoken,arxiv
turetzky2024last,kharitonov2023speak,arxiv
turetzky2024last,kreuk2022audiogen,arxiv
turetzky2024last,lakhotia2021generative,paperId
turetzky2024last,messica2024nast,arxiv
turetzky2024last,nguyen2020zeroresourcespeechbenchmark,arxiv
turetzky2024last,nguyen2023generative,arxiv
turetzky2024last,polyak2021speech,arxiv
turetzky2024last,popuri2022enhanced,arxiv
turetzky2024last,raffel2020exploring,arxiv
turetzky2024last,rubenstein2023audiopalm,arxiv
turetzky2024last,sicherman2023analysing,arxiv
turetzky2024last,touvron2023llama,arxiv
turetzky2024last,vqvae2017,arxiv
turetzky2024last,wang2023neural,arxiv
turetzky2024last,zeghidour2021soundstream,arxiv
turetzky2024last,zhang2023speechtokenizer,arxiv
turetzky_last_2024,baevski2020wav2vec,arxiv
turetzky_last_2024,borsos2023audiolm,arxiv
turetzky_last_2024,chang2023exploration,arxiv
turetzky_last_2024,chang2023exploring,arxiv
turetzky_last_2024,copet2024musicgen,arxiv
turetzky_last_2024,defossez2022high,arxiv
turetzky_last_2024,hassid2023textually,arxiv
turetzky_last_2024,hsu2021hubert,arxiv
turetzky_last_2024,kharitonov2022textfreeprosodyawaregenerativespoken,arxiv
turetzky_last_2024,kharitonov2023speak,arxiv
turetzky_last_2024,kreuk2022audiogen,arxiv
turetzky_last_2024,lakhotia2021generative,paperId
turetzky_last_2024,messica2024nast,arxiv
turetzky_last_2024,nguyen2020zeroresourcespeechbenchmark,arxiv
turetzky_last_2024,nguyen2023generative,arxiv
turetzky_last_2024,polyak2021speech,arxiv
turetzky_last_2024,popuri2022enhanced,arxiv
turetzky_last_2024,raffel2020exploring,arxiv
turetzky_last_2024,rubenstein2023audiopalm,arxiv
turetzky_last_2024,sicherman2023analysing,arxiv
turetzky_last_2024,touvron2023llama,arxiv
turetzky_last_2024,vqvae2017,arxiv
turetzky_last_2024,wang2023neural,arxiv
turetzky_last_2024,zeghidour2021soundstream,arxiv
turetzky_last_2024,zhang2023speechtokenizer,arxiv
valin2019lpcnet,Kleijn2018wavenet,arxiv
valin2019lpcnet,atal1970speech,paperId
valin2019lpcnet,oord2016wavenet,arxiv
valin2019lpcnet,schroeder1985code,paperId
valin2019lpcnet,tacotron2,arxiv
valin2019real,Kleijn2018wavenet,arxiv
valin2019real,atal1970speech,paperId
valin2019real,garbacea2019low,arxiv
valin2019real,oord2016wavenet,arxiv
valin2019real,valin2012definition,paperId
valin2019real,valin2019lpcnet,paperId
van2022comparison,7178964,paperId
van2022comparison,hsu2021hubert,arxiv
van2022comparison,kong2020hifigan,arxiv
van2022comparison,ljspeech17,title_exact
van2022comparison,nguyen2020zeroresourcespeechbenchmark,arxiv
van2022comparison,oord2016wavenet,arxiv
van2022comparison,polyak2021speech,arxiv
van2022comparison,snyder2018x,paperId
van2022comparison,tacotron2,arxiv
van2022comparison,yang2021superb,arxiv
vashishth2024stab,baevski2020wav2vec,arxiv
vashishth2024stab,borsos2023audiolm,arxiv
vashishth2024stab,busso2008iemocap,paperId
vashishth2024stab,chen2022wavlm,arxiv
vashishth2024stab,chiu2022bestrq,arxiv
vashishth2024stab,chung2021w2v,arxiv
vashishth2024stab,geminiteam2023gemini,title_exact
vashishth2024stab,hsu2021hubert,arxiv
vashishth2024stab,huang2023dynamic,arxiv
vashishth2024stab,kharitonov2022textfreeprosodyawaregenerativespoken,arxiv
vashishth2024stab,nagrani2017voxceleb,arxiv
vashishth2024stab,rubenstein2023audiopalm,arxiv
vashishth2024stab,yang2021superb,arxiv
vashishth2024stab,zhang2023googleusm,arxiv
vqvae2017,7178964,paperId
vqvae2017,Jang2016Gumbel,arxiv
vqvae2017,agustsson2017soft,arxiv
vqvae2017,maddison2016concrete,arxiv
vqvae2017,oord2016wavenet,arxiv
wang2021dwer,Kavalerov2019UniversalSS,arxiv
wang2021dwer,LuoY2019conv-tasnet,arxiv
wang2021dwer,gemmeke2017audio,paperId
wang2021dwer,le2019sdr,arxiv
wang2021dwer,zen2019libritts,paperId
wang2022opencpop,huang2021multi,arxiv
wang2022opencpop,kim2021conditional,arxiv
wang2022opencpop,kong2020hifigan,arxiv
wang2022opencpop,ljspeech17,title_exact
wang2022opencpop,oord2016wavenet,arxiv
wang2022opencpop,prenger2018waveglow,arxiv
wang2022opencpop,ren2020fastspeech,arxiv
wang2022opencpop,tacotron2,arxiv
wang2022usb,baevski2020wav2vec,arxiv
wang2022usb,devlin2019bert,arxiv
wang2022usb,gulati_conformer,arxiv
wang2022usb,hsu2021hubert,arxiv
wang2022usb,piczak2015esc,paperId
wang2022usb,transformer,arxiv
wang2022usb,yang2021superb,arxiv
wang2023lmvc,7178964,paperId
wang2023lmvc,agostinelli2023musiclm,arxiv
wang2023lmvc,baevski2020wav2vec,arxiv
wang2023lmvc,borsos2023audiolm,arxiv
wang2023lmvc,desplanques2020ecapa,arxiv
wang2023lmvc,hsu2021hubert,arxiv
wang2023lmvc,kharitonov2023speak,arxiv
wang2023lmvc,transformer,arxiv
wang2023lmvc,wang2023neural,arxiv
wang2023lmvc,zeghidour2021soundstream,arxiv
wang2023lmvc,zen2019libritts,paperId
wang2023neural,7178964,paperId
wang2023neural,JMLR:v24:22-1144,arxiv
wang2023neural,baevski2020wav2vec,arxiv
wang2023neural,borsos2023audiolm,arxiv
wang2023neural,borsos2023soundstorm,arxiv
wang2023neural,chen2022wavlm,arxiv
wang2023neural,defossez2022high,arxiv
wang2023neural,devlin2019bert,arxiv
wang2023neural,du2023funcodec,arxiv
wang2023neural,gpt,arxiv
wang2023neural,ho2020denoising,arxiv
wang2023neural,hsu2021hubert,arxiv
wang2023neural,huang2023repcodec,paperId
wang2023neural,ju2024naturalspeech,arxiv
wang2023neural,kang2024libriheavy,arxiv
wang2023neural,kim2021conditional,arxiv
wang2023neural,kong2020hifigan,arxiv
wang2023neural,kumar2023high,arxiv
wang2023neural,lakhotia2021generative,paperId
wang2023neural,oord2016wavenet,arxiv
wang2023neural,polyak2021speech,arxiv
wang2023neural,prenger2018waveglow,arxiv
wang2023neural,ren2019fastspeech,title_exact
wang2023neural,rubenstein2023audiopalm,arxiv
wang2023neural,siuzdak2023vocos,arxiv
wang2023neural,tacotron2,arxiv
wang2023neural,vqvae2017,arxiv
wang2023neural,wang2023speechx,arxiv
wang2023neural,wang2023viola,arxiv
wang2023neural,wu2023audiodec,arxiv
wang2023neural,yang2023hifi,arxiv
wang2023neural,zeghidour2021soundstream,arxiv
wang2023neural,zen2019libritts,paperId
wang2023selm,LuoY2019conv-tasnet,arxiv
wang2023selm,borsos2023audiolm,arxiv
wang2023selm,chen2022wavlm,arxiv
wang2023selm,cosentino2020librimix,arxiv
wang2023selm,desplanques2020ecapa,arxiv
wang2023selm,erdogan2023tokensplit,arxiv
wang2023selm,gpt,arxiv
wang2023selm,gulati_conformer,arxiv
wang2023selm,kong2020hifigan,arxiv
wang2023selm,lakhotia2021generative,paperId
wang2023selm,transformer,arxiv
wang2023selm,wang2023neural,arxiv
wang2023selm,wang2023speechx,arxiv
wang2023selm,wichern2019wham,arxiv
wang2023selm,wu2023speechgen,arxiv
wang2023selm,yang2021superb,arxiv
wang2023speechx,agostinelli2023musiclm,arxiv
wang2023speechx,borsos2023audiolm,arxiv
wang2023speechx,defossez2022high,arxiv
wang2023speechx,dubey2024icassp,arxiv
wang2023speechx,gpt,arxiv
wang2023speechx,gulati_conformer,arxiv
wang2023speechx,ju2024naturalspeech,arxiv
wang2023speechx,kharitonov2023speak,arxiv
wang2023speechx,rombach2022high,arxiv
wang2023speechx,rubenstein2023audiopalm,arxiv
wang2023speechx,siuzdak2023vocos,arxiv
wang2023speechx,transformer,arxiv
wang2023speechx,wang2023neural,arxiv
wang2023viola,7178964,paperId
wang2023viola,chen2022wavlm,arxiv
wang2023viola,defossez2022high,arxiv
wang2023viola,devlin2019bert,arxiv
wang2023viola,gpt,arxiv
wang2023viola,hsu2021hubert,arxiv
wang2023viola,radford2023robust,arxiv
wang2023viola,raffel2020exploring,arxiv
wang2023viola,ren2020fastspeech,arxiv
wang2023viola,tacotron2,arxiv
wang2023viola,transformer,arxiv
wang2023viola,wang2023neural,arxiv
wang2023viola,zhang2023speechgpt,arxiv
wang2024evaluating,baevski2020wav2vec,arxiv
wang2024evaluating,borsos2023audiolm,arxiv
wang2024evaluating,chen2022wavlm,arxiv
wang2024evaluating,desplanques2020ecapa,arxiv
wang2024evaluating,kharitonov2023speak,arxiv
wang2024evaluating,kim2021conditional,arxiv
wang2024evaluating,lakhotia2021generative,paperId
wang2024evaluating,radford2023robust,arxiv
wang2024evaluating,rubenstein2023audiopalm,arxiv
wang2024evaluating,wang2023neural,arxiv
wang2024evaluating,wang2023viola,arxiv
wang2024evaluating,zen2019libritts,paperId
wang2024streamvoice,borsos2023audiolm,arxiv
wang2024streamvoice,chung2021w2v,arxiv
wang2024streamvoice,desplanques2020ecapa,arxiv
wang2024streamvoice,kharitonov2023speak,arxiv
wang2024streamvoice,shi2021aishell,paperId
wang2024streamvoice,wang2023lmvc,arxiv
wang2024streamvoice,wang2023neural,arxiv
wang2024streamvoice,wu2023audiodec,arxiv
wang2024streamvoice,zeghidour2021soundstream,arxiv
wang2024v2a,audiocaps,paperId
wang2024v2a,dong2023clipsonic,arxiv
wang2024v2a,gemmeke2017audio,paperId
wang2024v2a,ho2020denoising,arxiv
wang2024v2a,huang2023make,arxiv
wang2024v2a,kong2020panns,arxiv
wang2024v2a,kreuk2022audiogen,arxiv
wang2024v2a,liu2023audioldm,paperId
wang2024v2a,liu2024audioldm2,paperId
wang2024v2a,luo2023diff,arxiv
wang2024v2a,sheffer2023hear,arxiv
wang2024v2a,transformer,arxiv
wang2024v2a,vqvae2017,arxiv
wang2024v2a,wu2023large,arxiv
wang2024v2a,yang2023diffsound,arxiv
wang2025frieren,gemmeke2017audio,paperId
wang2025frieren,ho2020denoising,arxiv
wang2025frieren,liu2023audioldm,paperId
wang2025frieren,liu2024audioldm2,paperId
wang2025frieren,luo2023diff,arxiv
wang2025frieren,rombach2022high,arxiv
wang2025frieren,sheffer2023hear,arxiv
wang2025frieren,wang2024v2a,arxiv
wang2025frieren,wu2023large,arxiv
warden2017speech,7178964,paperId
wichern2019wham,LuoY2019conv-tasnet,arxiv
wichern2019wham,hershey2016deep,arxiv
wichern2019wham,kolbaek2017multitalker,paperId
wichern2019wham,le2019sdr,arxiv
wisdom2021s,Kavalerov2019UniversalSS,arxiv
wisdom2021s,LuoY2019conv-tasnet,arxiv
wisdom2021s,dwer,arxiv
wisdom2021s,dwer,title_exact
wisdom2021s,fonseca2021fsd50k,arxiv
wisdom2021s,gemmeke2017audio,paperId
wisdom2021s,le2019sdr,arxiv
wisdom2021s,piczak2015esc,paperId
wolf2020huggingfacestransformersstateoftheartnatural,devlin2019bert,arxiv
wolf2020huggingfacestransformersstateoftheartnatural,raffel2020exploring,arxiv
wolf2020huggingfacestransformersstateoftheartnatural,transformer,arxiv
wu2023audiodec,Kleijn2018wavenet,arxiv
wu2023audiodec,dietz2015overview,paperId
wu2023audiodec,garbacea2019low,arxiv
wu2023audiodec,jiang22_interspeech,arxiv
wu2023audiodec,kankanahalli2018end,arxiv
wu2023audiodec,kong2020hifigan,arxiv
wu2023audiodec,morise2016world,paperId
wu2023audiodec,o1988linear,paperId
wu2023audiodec,petermann2021harp,arxiv
wu2023audiodec,reddy2022dnsmos,arxiv
wu2023audiodec,schroeder1985code,paperId
wu2023audiodec,valin2019real,arxiv
wu2023audiodec,vqvae2017,arxiv
wu2023audiodec,zeghidour2021soundstream,arxiv
wu2023large,audiocaps,paperId
wu2023large,devlin2019bert,arxiv
wu2023large,fonseca2021fsd50k,arxiv
wu2023large,gemmeke2017audio,paperId
wu2023large,kong2020panns,arxiv
wu2023large,koutini2021passt,arxiv
wu2023large,piczak2015esc,paperId
wu2023large,raffel2020exploring,arxiv
wu2023speechgen,7178964,paperId
wu2023speechgen,baevski2020wav2vec,arxiv
wu2023speechgen,borsos2023audiolm,arxiv
wu2023speechgen,chang2023speechprompt,arxiv
wu2023speechgen,defossez2022high,arxiv
wu2023speechgen,gpt,arxiv
wu2023speechgen,hassid2023textually,arxiv
wu2023speechgen,hsu2021hubert,arxiv
wu2023speechgen,kharitonov2022textfreeprosodyawaregenerativespoken,arxiv
wu2023speechgen,kharitonov2023speak,arxiv
wu2023speechgen,lakhotia2021generative,paperId
wu2023speechgen,lester2021power,arxiv
wu2023speechgen,liu2023gpt,arxiv
wu2023speechgen,liu2023pre,arxiv
wu2023speechgen,popuri2022enhanced,arxiv
wu2023speechgen,radford2023robust,arxiv
wu2023speechgen,wang2023neural,arxiv
wu2023speechgen,wang2023viola,arxiv
wu2023speechgen,yang2021superb,arxiv
wu2023speechgen,zeghidour2021soundstream,arxiv
wu2024codec,7178964,paperId
wu2024codec,borsos2023audiolm,arxiv
wu2024codec,busso2008iemocap,paperId
wu2024codec,chen2022wavlm,arxiv
wu2024codec,chen2023lauragpt,arxiv
wu2024codec,cosentino2020librimix,arxiv
wu2024codec,desplanques2020ecapa,arxiv
wu2024codec,du2023funcodec,arxiv
wu2024codec,fonseca2021fsd50k,arxiv
wu2024codec,gemmeke2017audio,paperId
wu2024codec,hsu2021hubert,arxiv
wu2024codec,huang2021multi,arxiv
wu2024codec,kong2020hifigan,arxiv
wu2024codec,kumar2023high,arxiv
wu2024codec,nagrani2017voxceleb,arxiv
wu2024codec,piczak2015esc,paperId
wu2024codec,radford2023robust,arxiv
wu2024codec,rubenstein2023audiopalm,arxiv
wu2024codec,snyder2018x,paperId
wu2024codec,transformer,arxiv
wu2024codec,tzanetakis2002musical,paperId
wu2024codec,wang2023speechx,arxiv
wu2024codec,wang2023viola,arxiv
wu2024codec,wu2023audiodec,arxiv
wu2024codec,wu2024towards,arxiv
wu2024codec,yang2023hifi,arxiv
wu2024codec,zeghidour2021soundstream,arxiv
wu2024codec,zen2019libritts,paperId
wu2024codec,zhang2022m4singer,paperId
wu2024codecfake,agostinelli2023musiclm,arxiv
wu2024codecfake,borsos2023audiolm,arxiv
wu2024codecfake,chen2023lauragpt,arxiv
wu2024codecfake,copet2024musicgen,arxiv
wu2024codecfake,defossez2022high,arxiv
wu2024codecfake,du2023funcodec,arxiv
wu2024codecfake,hsu2021hubert,arxiv
wu2024codecfake,kong2020hifigan,arxiv
wu2024codecfake,kreuk2022audiogen,arxiv
wu2024codecfake,kumar2023high,arxiv
wu2024codecfake,rubenstein2023audiopalm,arxiv
wu2024codecfake,wang2023neural,arxiv
wu2024codecfake,wang2023speechx,arxiv
wu2024codecfake,wang2023viola,arxiv
wu2024codecfake,wu2023audiodec,arxiv
wu2024codecfake,wu2024codec,arxiv
wu2024codecfake,wu2024towards,arxiv
wu2024codecfake,yamagishi2019cstr,paperId
wu2024codecfake,yang2023hifi,arxiv
wu2024codecslt,7178964,paperId
wu2024codecslt,Guo2024AddressingIC,arxiv
wu2024codecslt,agostinelli2023musiclm,arxiv
wu2024codecslt,ai2024apcodec,arxiv
wu2024codecslt,borsos2023audiolm,arxiv
wu2024codecslt,borsos2023soundstorm,arxiv
wu2024codecslt,cosentino2020librimix,arxiv
wu2024codecslt,defossez2022high,arxiv
wu2024codecslt,desplanques2020ecapa,arxiv
wu2024codecslt,du2023funcodec,arxiv
wu2024codecslt,fonseca2021fsd50k,arxiv
wu2024codecslt,ho2020denoising,arxiv
wu2024codecslt,hsu2021hubert,arxiv
wu2024codecslt,ju2024naturalspeech,arxiv
wu2024codecslt,kreuk2022audiogen,arxiv
wu2024codecslt,kumar2023high,arxiv
wu2024codecslt,li2024single,arxiv
wu2024codecslt,liu2024semanticodec,arxiv
wu2024codecslt,mousavi2024dasb,arxiv
wu2024codecslt,nagrani2017voxceleb,arxiv
wu2024codecslt,piczak2015esc,paperId
wu2024codecslt,radford2023robust,arxiv
wu2024codecslt,siuzdak2023vocos,arxiv
wu2024codecslt,wang2023neural,arxiv
wu2024codecslt,wu2023audiodec,arxiv
wu2024codecslt,wu2024codec,arxiv
wu2024codecslt,wu2024towards,arxiv
wu2024codecslt,yang2023hifi,arxiv
wu2024codecslt,yang2024generative,arxiv
wu2024codecslt,yang2024uniaudio,paperId
wu2024codecslt,zeghidour2021soundstream,arxiv
wu2024codecslt,zhang2023speechtokenizer,arxiv
wu2024toksing,baevski2020wav2vec,arxiv
wu2024toksing,chang2023exploration,arxiv
wu2024toksing,chen2022wavlm,arxiv
wu2024toksing,defossez2022high,arxiv
wu2024toksing,hsu2021hubert,arxiv
wu2024toksing,kharitonov2023speak,arxiv
wu2024toksing,kong2020hifigan,arxiv
wu2024toksing,kumar2023high,arxiv
wu2024toksing,ren2019fastspeech,title_exact
wu2024toksing,shi2024mmm,arxiv
wu2024toksing,shi2024singing,arxiv
wu2024toksing,vqvae2017,arxiv
wu2024toksing,wang2022opencpop,arxiv
wu2024toksing,yan2023espnet,arxiv
wu2024toksing,yang2021superb,arxiv
wu2024toksing,yang2023towards,arxiv
wu2024toksing,zeghidour2021soundstream,arxiv
wu2024toksing,zhang2023speechgpt,arxiv
wu2024towards,agostinelli2023musiclm,arxiv
wu2024towards,baevski2020wav2vec,arxiv
wu2024towards,borsos2023audiolm,arxiv
wu2024towards,borsos2023soundstorm,arxiv
wu2024towards,chang2023speechprompt,arxiv
wu2024towards,chen2023lauragpt,arxiv
wu2024towards,chung2021w2v,arxiv
wu2024towards,copet2024musicgen,arxiv
wu2024towards,defossez2022high,arxiv
wu2024towards,dietz2015overview,paperId
wu2024towards,du2023funcodec,arxiv
wu2024towards,hassid2023textually,arxiv
wu2024towards,hsu2021hubert,arxiv
wu2024towards,huang2022mulan,arxiv
wu2024towards,huang2023dynamic,arxiv
wu2024towards,inaguma2022unity,arxiv
wu2024towards,kharitonov2022textfreeprosodyawaregenerativespoken,arxiv
wu2024towards,kong2020hifigan,arxiv
wu2024towards,kreuk2022audiogen,arxiv
wu2024towards,kuan2023towards,arxiv
wu2024towards,kumar2023high,arxiv
wu2024towards,lakhotia2021generative,paperId
wu2024towards,nguyen2023generative,arxiv
wu2024towards,polyak2021speech,arxiv
wu2024towards,popuri2022enhanced,arxiv
wu2024towards,rubenstein2023audiopalm,arxiv
wu2024towards,transformer,arxiv
wu2024towards,valin2012definition,paperId
wu2024towards,wang2023neural,arxiv
wu2024towards,wang2023speechx,arxiv
wu2024towards,wang2023viola,arxiv
wu2024towards,wells2022phonetic,paperId
wu2024towards,wu2023audiodec,arxiv
wu2024towards,wu2023speechgen,arxiv
wu2024towards,yang2023hifi,arxiv
wu2024towards,zeghidour2021soundstream,arxiv
wu2024towards,zhang2023speechtokenizer,arxiv
wu2025esi,abouelenin2025phi,arxiv
wu2025esi,arora2025landscape,arxiv
wu2025esi,defossez2024moshi,arxiv
wu2025esi,du2024cosyvoice,arxiv
wu2025esi,guo2025recent,arxiv
wu2025esi,ji2024wavchat,arxiv
wu2025esi,mousavi2024dasb,arxiv
wu2025esi,nguyen2024spiritlminterleavedspokenwritten,paperId
wu2025esi,peng2024survey,arxiv
wu2025esi,radford2023robust,arxiv
wu2025esi,shi2024espnet,arxiv
wu2025esi,wu2024codec,arxiv
wu2025esi,wu2024towards,arxiv
wu2025esi,zeng2024glm,arxiv
wu2025esi,zengscaling,arxiv
xin2024bigcodec,7178964,paperId
xin2024bigcodec,Kleijn2018wavenet,arxiv
xin2024bigcodec,audiocaps,paperId
xin2024bigcodec,chen2022wavlm,arxiv
xin2024bigcodec,defossez2022high,arxiv
xin2024bigcodec,dietz2015overview,paperId
xin2024bigcodec,goodfellow2020generative,paperId
xin2024bigcodec,gpt,arxiv
xin2024bigcodec,ju2024naturalspeech,arxiv
xin2024bigcodec,kong2020hifigan,arxiv
xin2024bigcodec,kumar2023high,arxiv
xin2024bigcodec,valin2012definition,paperId
xin2024bigcodec,vqvae2017,arxiv
xin2024bigcodec,wu2023audiodec,arxiv
xin2024bigcodec,yang2024uniaudio,paperId
xin2024bigcodec,zeghidour2021soundstream,arxiv
xu2025qwen2,chen2022wavlm,arxiv
xu2025qwen2,du2024cosyvoice,arxiv
xu2025qwen2,gpt,arxiv
xu2025qwen2,grattafiori2024llama3herdmodels,arxiv
xu2025qwen2,qwen_audio,arxiv
xu2025qwen2,radford2023robust,arxiv
xu2025qwen2,salmonn,arxiv
xu2025qwen2,touvron2023llama,arxiv
xu2025qwen2,zhan2024anygpt,arxiv
xue24lowlatency,Jiang2022EndtoEndNS,arxiv
xue24lowlatency,LuoY2019conv-tasnet,arxiv
xue24lowlatency,borsos2023audiolm,arxiv
xue24lowlatency,reddy2022dnsmos,arxiv
xue24lowlatency,wang2023neural,arxiv
yan2023espnet,gulati_conformer,arxiv
yan2023espnet,inaguma2022unity,arxiv
yan2023espnet,kong2020hifigan,arxiv
yan2023espnet,polyak2021speech,arxiv
yan2023espnet,transformer,arxiv
yan2023espnet,yang2021superb,arxiv
yang2021source,Kleijn2018wavenet,arxiv
yang2021source,LuoY2019conv-tasnet,arxiv
yang2021source,agustsson2017soft,arxiv
yang2021source,kankanahalli2018end,arxiv
yang2021source,le2019sdr,arxiv
yang2021source,oord2016wavenet,arxiv
yang2021source,schroeder1985code,paperId
yang2021source,valin2012definition,paperId
yang2021source,valin2019real,arxiv
yang2021superb,7178964,paperId
yang2021superb,baevski2020wav2vec,arxiv
yang2021superb,busso2008iemocap,paperId
yang2021superb,cosentino2020librimix,arxiv
yang2021superb,devlin2019bert,arxiv
yang2021superb,hsu2021hubert,arxiv
yang2021superb,newell2020useful,arxiv
yang2021superb,nguyen2020zeroresourcespeechbenchmark,arxiv
yang2021superb,snyder2018x,paperId
yang2023diffsound,audiocaps,paperId
yang2023diffsound,devlin2019bert,arxiv
yang2023diffsound,esser2021taming,arxiv
yang2023diffsound,gemmeke2017audio,paperId
yang2023diffsound,gpt,arxiv
yang2023diffsound,ho2020denoising,arxiv
yang2023diffsound,kong2020hifigan,arxiv
yang2023diffsound,oord2016wavenet,arxiv
yang2023diffsound,vqvae2017,arxiv
yang2023hifi,Kleijn2018wavenet,arxiv
yang2023hifi,agostinelli2023musiclm,arxiv
yang2023hifi,atal1970speech,paperId
yang2023hifi,baevski2020wav2vec,arxiv
yang2023hifi,borsos2023audiolm,arxiv
yang2023hifi,defossez2022high,arxiv
yang2023hifi,huang2023make,arxiv
yang2023hifi,kong2020hifigan,arxiv
yang2023hifi,kreuk2022audiogen,arxiv
yang2023hifi,valin2019real,arxiv
yang2023hifi,vqvae2017,arxiv
yang2023hifi,wang2023neural,arxiv
yang2023hifi,yang2023diffsound,arxiv
yang2023hifi,zeghidour2021soundstream,arxiv
yang2023neural,7178964,paperId
yang2023neural,Kleijn2018wavenet,arxiv
yang2023neural,jiang22_interspeech,arxiv
yang2023neural,kankanahalli2018end,arxiv
yang2023neural,schroeder1985code,paperId
yang2023neural,valin2012definition,paperId
yang2023neural,valin2019lpcnet,paperId
yang2023neural,valin2019real,arxiv
yang2023neural,yang2021source,arxiv
yang2023neural,zeghidour2021soundstream,arxiv
yang2023towards,7178964,paperId
yang2023towards,baevski2020wav2vec,arxiv
yang2023towards,borsos2023audiolm,arxiv
yang2023towards,chang2023exploration,arxiv
yang2023towards,chen2022wavlm,arxiv
yang2023towards,defossez2022high,arxiv
yang2023towards,devlin2019bert,arxiv
yang2023towards,gulati_conformer,arxiv
yang2023towards,hsu2021hubert,arxiv
yang2023towards,kumar2023high,arxiv
yang2023towards,ren2020fastspeech,arxiv
yang2023towards,wang2023viola,arxiv
yang2023towards,yang2021superb,arxiv
yang2023towards,zeghidour2021soundstream,arxiv
yang2023towards,zen2019libritts,paperId
yang2024generative,7178964,paperId
yang2024generative,Kleijn2018wavenet,arxiv
yang2024generative,borsos2023audiolm,arxiv
yang2024generative,defossez2022high,arxiv
yang2024generative,garbacea2019low,arxiv
yang2024generative,ho2020denoising,arxiv
yang2024generative,jiang2023disentangled,arxiv
yang2024generative,kreuk2022audiogen,arxiv
yang2024generative,kumar2023high,arxiv
yang2024generative,liu2023audioldm,paperId
yang2024generative,omran2023disentangling,arxiv
yang2024generative,petermann2021harp,arxiv
yang2024generative,polyak2021speech,arxiv
yang2024generative,rombach2022high,arxiv
yang2024generative,san2023discrete,arxiv
yang2024generative,valin2019real,arxiv
yang2024generative,wang2023neural,arxiv
yang2024generative,yang2021source,arxiv
yang2024generative,yang2023neural,arxiv
yang2024generative,zeghidour2021soundstream,arxiv
yang2024generative,zhen2020psychoacoustic,arxiv
yang2024qwen2,qwen_audio,arxiv
yang2024qwen2,transformer,arxiv
yang2024uniaudio,atal1970speech,paperId
yang2024uniaudio,audiocaps,paperId
yang2024uniaudio,borsos2023audiolm,arxiv
yang2024uniaudio,defossez2022high,arxiv
yang2024uniaudio,gpt,arxiv
yang2024uniaudio,huang2023dynamic,arxiv
yang2024uniaudio,ju2024naturalspeech,arxiv
yang2024uniaudio,kreuk2022audiogen,arxiv
yang2024uniaudio,kumar2023high,arxiv
yang2024uniaudio,lakhotia2021generative,paperId
yang2024uniaudio,piczak2015esc,paperId
yang2024uniaudio,qwen_audio,arxiv
yang2024uniaudio,radford2023robust,arxiv
yang2024uniaudio,raffel2020exploring,arxiv
yang2024uniaudio,rubenstein2023audiopalm,arxiv
yang2024uniaudio,salmonn,arxiv
yang2024uniaudio,simplespeech,arxiv
yang2024uniaudio,vqvae2017,arxiv
yang2024uniaudio,warden2017speech,arxiv
yang2024uniaudio,yang2023diffsound,arxiv
yang2024uniaudio,yang2023hifi,arxiv
yang2024uniaudio,yang2023uniaudio,paperId
yang2024uniaudio,zeghidour2021soundstream,arxiv
yang2024uniaudio,zhang2023speechgpt,arxiv
yang2024uniaudio,zhang2023speechtokenizer,arxiv
yip2024towards,chen2023lauragpt,arxiv
yip2024towards,defossez2022high,arxiv
yip2024towards,hershey2016deep,arxiv
yip2024towards,hsu2021hubert,arxiv
yip2024towards,kumar2023high,arxiv
yip2024towards,le2019sdr,arxiv
yip2024towards,puvvada2023discrete,paperId
yip2024towards,qwen_audio,arxiv
yip2024towards,radford2023robust,arxiv
yip2024towards,shi2021discretization,arxiv
yip2024towards,wang2023speechx,arxiv
yip2024towards,zeghidour2021soundstream,arxiv
yip2024towards,zhang2023speechgpt,arxiv
yosha2025stresstest,7178964,paperId
yosha2025stresstest,abouelenin2025phi,arxiv
yosha2025stresstest,ardila2019common,arxiv
yosha2025stresstest,arora2025landscape,arxiv
yosha2025stresstest,grattafiori2024llama3herdmodels,arxiv
yosha2025stresstest,ji2024wavchat,arxiv
yosha2025stresstest,maimon2024suite,arxiv
yosha2025stresstest,maimon2025scaling,arxiv
yosha2025stresstest,radford2023robust,arxiv
yosha2025stresstest,salmonn,arxiv
yosha2025stresstest,yang2021superb,arxiv
zaiem2023icassp,7178964,paperId
zaiem2023icassp,baevski2020wav2vec,arxiv
zaiem2023icassp,chen2022wavlm,arxiv
zaiem2023icassp,chiu2022bestrq,arxiv
zaiem2023icassp,hsu2021hubert,arxiv
zaiem2023icassp,radford2023robust,arxiv
zaiem2023speech,7178964,paperId
zaiem2023speech,ardila2019common,arxiv
zaiem2023speech,baevski2020wav2vec,arxiv
zaiem2023speech,bastianelli2020slurp,arxiv
zaiem2023speech,busso2008iemocap,paperId
zaiem2023speech,chen2022wavlm,arxiv
zaiem2023speech,desplanques2020ecapa,arxiv
zaiem2023speech,gulati_conformer,arxiv
zaiem2023speech,han2020contextnet,arxiv
zaiem2023speech,hsu2021hubert,arxiv
zaiem2023speech,nagrani2017voxceleb,arxiv
zaiem2023speech,snyder2018x,paperId
zaiem2023speech,wang2018additive,arxiv
zaiem2023speech,warden2017speech,arxiv
zaiem2023speech,yang2021superb,arxiv
zaiem2025speech,7178964,paperId
zaiem2025speech,ardila2019common,arxiv
zaiem2025speech,baevski2020wav2vec,arxiv
zaiem2025speech,bastianelli2020slurp,arxiv
zaiem2025speech,busso2008iemocap,paperId
zaiem2025speech,chen2022wavlm,arxiv
zaiem2025speech,desplanques2020ecapa,arxiv
zaiem2025speech,gulati_conformer,arxiv
zaiem2025speech,han2020contextnet,arxiv
zaiem2025speech,hsu2021hubert,arxiv
zaiem2025speech,nagrani2017voxceleb,arxiv
zaiem2025speech,nguyen2020zeroresourcespeechbenchmark,arxiv
zaiem2025speech,pasad2023comparative,arxiv
zaiem2025speech,snyder2018x,paperId
zaiem2025speech,wang2018additive,arxiv
zaiem2025speech,warden2017speech,arxiv
zaiem2025speech,yang2021superb,arxiv
zaiem2025speech,zaiem2023icassp,arxiv
zaiem2025speech,zaiem2023speech,arxiv
zeghidour2021soundstream,Kleijn2018wavenet,arxiv
zeghidour2021soundstream,baevski2020wav2vec,arxiv
zeghidour2021soundstream,dhariwal2020jukebox,arxiv
zeghidour2021soundstream,dietz2015overview,paperId
zeghidour2021soundstream,garbacea2019low,arxiv
zeghidour2021soundstream,kankanahalli2018end,arxiv
zeghidour2021soundstream,kong2020hifigan,arxiv
zeghidour2021soundstream,oord2016wavenet,arxiv
zeghidour2021soundstream,polyak2021speech,arxiv
zeghidour2021soundstream,schroeder1985code,paperId
zeghidour2021soundstream,srivastava2014dropout,paperId
zeghidour2021soundstream,valin2012definition,paperId
zeghidour2021soundstream,valin2019lpcnet,paperId
zeghidour2021soundstream,vqvae2017,arxiv
zeghidour2021soundstream,yamagishi2019cstr,paperId
zeghidour2021soundstream,zen2019libritts,paperId
zen2019libritts,7178964,paperId
zen2019libritts,tacotron2,arxiv
zhan2024anygpt,7178964,paperId
zhan2024anygpt,agostinelli2023musiclm,arxiv
zhan2024anygpt,ardila2019common,arxiv
zhan2024anygpt,baevski2020wav2vec,arxiv
zhan2024anygpt,borsos2023audiolm,arxiv
zhan2024anygpt,borsos2023soundstorm,arxiv
zhan2024anygpt,copet2024musicgen,arxiv
zhan2024anygpt,defossez2022high,arxiv
zhan2024anygpt,gpt,arxiv
zhan2024anygpt,huang2023make,arxiv
zhan2024anygpt,radford2023robust,arxiv
zhan2024anygpt,raffel2020exploring,arxiv
zhan2024anygpt,rombach2022high,arxiv
zhan2024anygpt,touvron2023llama,arxiv
zhan2024anygpt,vqvae2017,arxiv
zhan2024anygpt,wang2023neural,arxiv
zhan2024anygpt,wu2023large,arxiv
zhan2024anygpt,zeghidour2021soundstream,arxiv
zhan2024anygpt,zhang2023speechgpt,arxiv
zhan2024anygpt,zhang2023speechtokenizer,arxiv
zhang2023dub,ardila2019common,arxiv
zhang2023dub,baevski2020wav2vec,arxiv
zhang2023dub,chen2022wavlm,arxiv
zhang2023dub,chung2021w2v,arxiv
zhang2023dub,hsu2021hubert,arxiv
zhang2023dub,inaguma2022unity,arxiv
zhang2023dub,kharitonov2022textfreeprosodyawaregenerativespoken,arxiv
zhang2023dub,kong2020hifigan,arxiv
zhang2023dub,lakhotia2021generative,paperId
zhang2023dub,ren2020fastspeech,arxiv
zhang2023dub,sicherman2023analysing,arxiv
zhang2023dub,transformer,arxiv
zhang2023dub,vqvae2017,arxiv
zhang2023googleusm,7178964,paperId
zhang2023googleusm,ardila2019common,arxiv
zhang2023googleusm,baevski2020wav2vec,arxiv
zhang2023googleusm,chiu2022bestrq,arxiv
zhang2023googleusm,chung2021w2v,arxiv
zhang2023googleusm,devlin2019bert,arxiv
zhang2023googleusm,gulati_conformer,arxiv
zhang2023googleusm,radford2023robust,arxiv
zhang2023googleusm,raffel2020exploring,arxiv
zhang2023speechgpt,7178964,paperId
zhang2023speechgpt,JMLR:v24:22-1144,arxiv
zhang2023speechgpt,ardila2019common,arxiv
zhang2023speechgpt,baevski2020wav2vec,arxiv
zhang2023speechgpt,borsos2023audiolm,arxiv
zhang2023speechgpt,hsu2021hubert,arxiv
zhang2023speechgpt,lakhotia2021generative,paperId
zhang2023speechgpt,nguyen2023generative,arxiv
zhang2023speechgpt,polyak2021speech,arxiv
zhang2023speechgpt,wang2023neural,arxiv
zhang2023speechgpt,zhang2023dub,arxiv
zhang2023speechtokenizer,7178964,paperId
zhang2023speechtokenizer,baevski2020wav2vec,arxiv
zhang2023speechtokenizer,borsos2023audiolm,arxiv
zhang2023speechtokenizer,chen2022wavlm,arxiv
zhang2023speechtokenizer,chung2021w2v,arxiv
zhang2023speechtokenizer,defossez2022high,arxiv
zhang2023speechtokenizer,hsu2021hubert,arxiv
zhang2023speechtokenizer,kharitonov2023speak,arxiv
zhang2023speechtokenizer,kong2020hifigan,arxiv
zhang2023speechtokenizer,lakhotia2021generative,paperId
zhang2023speechtokenizer,polyak2021speech,arxiv
zhang2023speechtokenizer,radford2023robust,arxiv
zhang2023speechtokenizer,wang2023neural,arxiv
zhang2023speechtokenizer,yang2023hifi,arxiv
zhang2023speechtokenizer,zeghidour2021soundstream,arxiv
zhang2023speechtokenizer,zhang2023speechgpt,arxiv
zhang2024foleycrafter,dong2023clipsonic,arxiv
zhang2024foleycrafter,huang2023make,arxiv
zhang2024foleycrafter,jeong2024read,arxiv
zhang2024foleycrafter,liu2023audioldm,paperId
zhang2024foleycrafter,liu2024audioldm2,paperId
zhang2024foleycrafter,luo2023diff,arxiv
zhang2024foleycrafter,pascual2024masked,arxiv
zhang2024foleycrafter,rombach2022high,arxiv
zhang2024foleycrafter,sheffer2023hear,arxiv
zhang2024foleycrafter,transformer,arxiv
zhang2024foleycrafter,wang2024v2a,arxiv
zhen2020psychoacoustic,agustsson2017soft,arxiv
zhen2020psychoacoustic,garbacea2019low,arxiv
zhen2020psychoacoustic,kankanahalli2018end,arxiv
zhen2020psychoacoustic,oord2016wavenet,arxiv
zhen2020psychoacoustic,painter2000perceptual,paperId
zhen2020psychoacoustic,valin2019lpcnet,paperId
zhen2020psychoacoustic,vqvae2017,arxiv
zheng2025ervq,1360861705599880960,arxiv
zheng2025ervq,Jiang2022EndtoEndNS,arxiv
zheng2025ervq,Kleijn2018wavenet,arxiv
zheng2025ervq,ai2024apcodec,arxiv
zheng2025ervq,borsos2023audiolm,arxiv
zheng2025ervq,chen2023lauragpt,arxiv
zheng2025ervq,defossez2022high,arxiv
zheng2025ervq,dhariwal2020jukebox,arxiv
zheng2025ervq,du2023funcodec,arxiv
zheng2025ervq,fonseca2021fsd50k,arxiv
zheng2025ervq,garbacea2019low,arxiv
zheng2025ervq,huang2023repcodec,paperId
zheng2025ervq,jiang22_interspeech,arxiv
zheng2025ervq,ju2024naturalspeech,arxiv
zheng2025ervq,kankanahalli2018end,arxiv
zheng2025ervq,kumar2023high,arxiv
zheng2025ervq,petermann2021harp,arxiv
zheng2025ervq,siuzdak2024snac,arxiv
zheng2025ervq,vqvae2017,arxiv
zheng2025ervq,wang2022opencpop,arxiv
zheng2025ervq,wang2023neural,arxiv
zheng2025ervq,wu2023audiodec,arxiv
zheng2025ervq,yang2021source,arxiv
zheng2025ervq,yang2023hifi,arxiv
zheng2025ervq,zeghidour2021soundstream,arxiv
zheng2025ervq,zen2019libritts,paperId
ziv2024masked,agostinelli2023musiclm,arxiv
ziv2024masked,audiocaps,paperId
ziv2024masked,borsos2023audiolm,arxiv
ziv2024masked,borsos2023soundstorm,arxiv
ziv2024masked,copet2024musicgen,arxiv
ziv2024masked,defossez2022high,arxiv
ziv2024masked,dhariwal2020jukebox,arxiv
ziv2024masked,garcia2023vampnet,arxiv
ziv2024masked,hsu2021hubert,arxiv
ziv2024masked,huang2023make,arxiv
ziv2024masked,kharitonov2022textfreeprosodyawaregenerativespoken,arxiv
ziv2024masked,koutini2021passt,arxiv
ziv2024masked,kreuk2022audiogen,arxiv
ziv2024masked,lakhotia2021generative,paperId
ziv2024masked,lam2023efficient,arxiv
ziv2024masked,liu2023audioldm,paperId
ziv2024masked,liu2024audioldm2,paperId
ziv2024masked,polyak2021speech,arxiv
ziv2024masked,raffel2020exploring,arxiv
ziv2024masked,rombach2022high,arxiv
ziv2024masked,sheffer2023hear,arxiv
ziv2024masked,touvron2023llama,arxiv
ziv2024masked,wang2023neural,arxiv
ziv2024masked,wu2023large,arxiv
ziv2024masked,yang2023diffsound,arxiv
ziv2024masked,zeghidour2021soundstream,arxiv
